subreddit,predicted_country,status
australia,Australia,approved
bitcoinfrance,France,approved
india,India,approved
canadaguns,Canada,approved
mauritius,Mauritius,approved
france,France,approved
circlejerkaustralia,Australia,approved
indianews,India,approved
polandballarena,Poland,approved
argentinacirclejerk,Argentina,approved
unitedkingdom,United Kingdom,approved
svenskpolitik,Sweden,approved
italy,Italy,approved
learnfinnish,Finland,approved
australianpolitics,Australia,approved
egypt,Egypt,approved
starcitizenaustralia,Australia,approved
metacanada,Canada,approved
japan,Japan,approved
germany,Germany,approved
israel,Israel,approved
australianmakeup,Australia,approved
thailandlos,Thailand,approved
norway,Norway,approved
armenia,Armenia,approved
canada,Canada,approved
team_japanese,Japan,approved
serbia,Serbia,approved
sweden,Sweden,approved
argentina,Argentina,approved
pakistan,Pakistan,approved
ukraine,Ukraine,approved
singapore,Singapore,approved
teamcanada,Canada,approved
chile,Chile,approved
honduras,Honduras,approved
polishgauntlet,Poland,approved
philippines,Philippines,approved
ukrainianuprising,Ukraine,approved
peru,Peru,approved
ancientegypt,Egypt,approved
romania,Romania,approved
italydiscussioni,Italy,approved
albania,Albania,approved
portugal,Portugal,approved
bangladesh,Bangladesh,approved
russian,Russia,approved
french,France,approved
lebanon,Lebanon,approved
ecuador,Ecuador,approved
japanesemusicmarket,Japan,approved
iran,Iran,approved
austria,Austria,approved
japancirclejerk,Japan,approved
sensiblecanada,Canada,approved
china,China,approved
indianwriters,India,approved
latvianjokes,Latvia,approved
newzealand,New Zealand,approved
dominican,Dominica,approved
brasil,Brazil,approved
greece,Greece,approved
mexico,Mexico,approved
askfrance,France,approved
japanlife,Japan,approved
boardsofcanada,Canada,approved
palestine,"Palestine, State of",approved
saudiarabia,Saudi Arabia,approved
hongkong,Hong Kong,approved
ukrainianconflict,Ukraine,approved
ukraineliveupdates,Ukraine,approved
croatia,Croatia,approved
dogecoingermany,Germany,approved
canadian_ecigarette,Canada,approved
lanl_german,Germany,approved
dogecoinfrance,France,approved
denmark,Denmark,approved
redditpolish,Poland,approved
cyprus,Cyprus,approved
norsk,Norway,approved
personalfinancecanada,Canada,approved
starcitizenfrance,France,approved
puertorico,Puerto Rico,approved
thenetherlands,Netherlands,approved
ireland,Ireland,approved
brazil,Brazil,approved
germanrap,Germany,approved
austrian_economics,Austria,approved
learndutch,Netherlands,approved
cuba,Cuba,approved
speakjapanese,Japan,approved
newzealanders,New Zealand,approved
portuguese,Portugal,approved
im14andmetacanada,Canada,approved
germanmilitaria,Germany,approved
japanesegameshows,Japan,approved
indonesia,Indonesia,approved
spanish,Spain,approved
thailand,Thailand,approved
littlelatvia,Latvia,approved
hiphopjapan,Japan,approved
antarctica,Antarctica,approved
metacanadacockfags,Canada,approved
switzerland,Switzerland,approved
jordan,Jordan,approved
frenchrock,France,approved
ukraina,Ukraine,approved
portugaltheman,Portugal,approved
israel2,Israel,approved
netflixcanada,Canada,approved
vietnam,Viet Nam,approved
piratepartyofcanada,Canada,approved
malaysia,Malaysia,approved
iceland,Iceland,approved
bitcoincolombia,Colombia,approved
canadapolitics,Canada,approved
finland,Finland,approved
leagueofireland,Ireland,approved
oman,Oman,approved
eritrea,Eritrea,approved
canadian_eclassifieds,Canada,approved
dogecoinromania,Romania,approved
fijian,Fiji,approved
learngerman,Germany,approved
dogecoinindia,India,approved
belgium,Belgium,approved
bahrain,Bahrain,approved
southafrica,South Africa,approved
belgianfootball,Belgium,approved
portugueseliga,Portugal,approved
australianmfa,Australia,approved
suomi,Finland,approved
kenya,Kenya,approved
deutschland,Germany,approved
german,Germany,approved
indiainvestments,India,approved
svenska,Sweden,approved
learnjapanese,Japan,approved
bulgaria,Bulgaria,approved
colombia,Colombia,approved
afghanistan,Afghanistan,approved
tpwcmexico,Mexico,approved
cambodia,Cambodia,approved
libya,Libya,approved
tunisia,Tunisia,approved
hungary,Hungary,approved
italytest,Italy,approved
japantravel,Japan,approved
vrsweden,Sweden,approved
learnicelandic,Iceland,approved
algeria,Algeria,approved
civpolska,Poland,approved
canadients,Canada,approved
japanesemusic,Japan,approved
armenian,Armenia,approved
latvia,Latvia,approved
lithuania,Lithuania,approved
eesti,Estonia,approved
poland,Poland,approved
ancientgreece,Greece,approved
ketoaustralia,Australia,approved
chinareport,China,approved
travelchina,China,approved
hfygerman,Germany,approved
norge,Norway,approved
hfyitalian,Italy,approved
hfyspanish,Spain,approved
cubancigars,Cuba,approved
luxembourg,Luxembourg,approved
polishsoccer,Poland,approved
italianlearning,Italy,approved
cissingapore,Singapore,approved
francelibre,France,approved
ukrainenewsbot,Ukraine,approved
algerianfootball,Algeria,approved
hfyfrench,France,approved
amifreetogo,Togo,approved
metametacanada,Canada,approved
iraq,Iraq,approved
learnpolish,Poland,approved
slovenia,Slovenia,approved
polskapoland,Poland,approved
redditwatchindia,India,approved
argentinacocina,Argentina,approved
libertarianaustralia,Australia,approved
indiandadjokes,India,approved
hungarian,Hungary,approved
askindia,India,approved
chinaphones,China,approved
finnishhistory,Finland,approved
polandball,Poland,approved
sdireland,Ireland,approved
thailandtourism,Thailand,approved
learnspanish,Spain,approved
malta,Malta,approved
aussiepolish,Poland,approved
brasilivre,Brazil,approved
polska,Poland,approved
newrussia,Russia,approved
starcitizengerman,Germany,approved
indiancountry,India,approved
moldova,"Moldova, Republic of",approved
austrianeconomics,Austria,approved
uruguay,Uruguay,approved
forjamaicasmom,Jamaica,approved
testdenmark,Denmark,approved
chinabuyers,China,approved
indonesiangamers,Indonesia,approved
ecigindia,India,approved
mongolia,Mongolia,approved
panama,Panama,approved
paraguay,Paraguay,approved
bolivia,"Bolivia, Plurinational State of",approved
expatjapan_coc,Japan,approved
cameroncrazies,Cameroon,approved
forjamaica,Jamaica,approved
malaysianpf,Malaysia,approved
germantrees,Germany,approved
dogecoinspain,Spain,approved
spain,Spain,approved
iraqisoccer,Iraq,approved
starcitizenrussian,Russia,approved
indonesiacirclejerk,Indonesia,approved
randomactsofpolish,Poland,approved
elitedangerousbrasil,Brazil,approved
ukrainianconflict2,Ukraine,approved
nepal,Nepal,approved
johor_bahru_malaysia,Malaysia,approved
slovakia,Slovakia,approved
as_a_german,Germany,approved
japanpics,Japan,approved
rpgpolska,Poland,approved
japanesereddit,Japan,approved
indianpeoplefacebook,India,approved
hardwareswapaustralia,Australia,approved
suomipelit,Finland,approved
japanese,Japan,approved
protestcanada,Canada,approved
yemenicrisis,Yemen,approved
turkishlearning,Turkey,approved
finlandconspiracy,Finland,approved
canadianforces,Canada,approved
yemenconflict,Yemen,approved
bapcsalescanada,Canada,approved
kuwait,Kuwait,approved
britain,United Kingdom,approved
babymetal_japan,Japan,approved
scoutingireland,Ireland,approved
lawcanada,Canada,approved
tajikistan,Tajikistan,approved
bitcointhailand,Thailand,approved
spanishfootball,Spain,approved
amiibocanada,Canada,approved
wp_zimbabwe,Zimbabwe,approved
darkmarketsbrasil,Brazil,approved
deepwebbrasil,Brazil,approved
canadianvanguard,Canada,approved
germanfacts,Germany,approved
malaysiawp,Malaysia,approved
sdsouthafrica,South Africa,approved
japan_anime,Japan,approved
visitingiceland,Iceland,approved
belarus,Belarus,approved
israelsubredditwatch,Israel,approved
iraniangenius,Iran,approved
dutch,Netherlands,approved
ethiopia,Ethiopia,approved
zambia,Zambia,approved
germanshills,Germany,approved
canadianinvestor,Canada,approved
immigrationcanada,Canada,approved
portugalnostalgia,Portugal,approved
nepalearthquake,Nepal,approved
canadasoccer,Canada,approved
reloadingcanada,Canada,approved
canadahunting,Canada,approved
atheismindia,India,approved
andorra,Andorra,approved
angola,Angola,approved
benin,Benin,approved
socialfrance,France,approved
frenchsubs,France,approved
macedonia,North Macedonia,approved
botswana,Botswana,approved
burkinafaso,Burkina Faso,approved
burundi,Burundi,approved
bitcoinnepal,Nepal,approved
bitcoinsouthafrica,South Africa,approved
asksingapore,Singapore,approved
guessthefrenchmovie,France,approved
comoros,Comoros,approved
republicofcongo,Congo,approved
djibouti,Djibouti,approved
congo,Congo,approved
gabon,Gabon,approved
gambia,Gambia,approved
guinea,Guinea,approved
ghana,Ghana,approved
japaneseunderground,Japan,approved
liberationnews,Liberia,approved
riketsverige,Sweden,approved
offdutybraziliancop,Brazil,approved
portugalcaralho,Portugal,approved
qatar,Qatar,approved
chinajobs,China,approved
escritoresbrasil,Brazil,approved
swedents,Sweden,approved
lesotho,Lesotho,approved
malawi,Malawi,approved
mali,Mali,approved
mauritania,Mauritania,approved
mozambique,Mozambique,approved
liechtenstein,Liechtenstein,approved
montenegro,Montenegro,approved
liberia,Liberia,approved
brasilbitcoin,Brazil,approved
namibia,Namibia,approved
niger,Niger,approved
palau,Palau,approved
rwanda,Rwanda,approved
iraqconflict,Iraq,approved
uzbekistan,Uzbekistan,approved
madagascar,Madagascar,approved
japanleagueoflegends,Japan,approved
australianmilitary,Australia,approved
canadawhisky,Canada,approved
samoa,Samoa,approved
sierraleone,Sierra Leone,approved
southsudan,Sudan,approved
senegal,Senegal,approved
somalia,Somalia,approved
bitrussia,Russia,approved
bitcoin_greece,Greece,approved
eastindiaco,India,approved
learnfrench,France,approved
newbrunswickcanada,Canada,approved
greektraitors,Greece,approved
btcgreece,Greece,approved
croatianmusic,Croatia,approved
darwinaustralia,Australia,approved
togo,Togo,approved
tonga,Tonga,approved
tuvalu,Tuvalu,approved
turkmenistan,Turkmenistan,approved
uganda,Uganda,approved
vanuatu,Vanuatu,approved
zimbabwe,Zimbabwe,approved
yemen,Yemen,approved
tourdefrance,France,approved
mfaindia,India,approved
indiangaming,India,approved
germanconversation,Germany,approved
canadapoliticsnsfw,Canada,approved
belgiummeta,Belgium,approved
indianbooks,India,approved
ketojapan,Japan,approved
japannews,Japan,approved
makeupaddictioncanada,Canada,approved
canadapolitic,Canada,approved
indianleft,India,approved
canadianlaw,Canada,approved
indiandrama,India,approved
ancientgreek,Greece,approved
circlejerkindia,India,approved
germanystudy,Germany,approved
unexpectedpalau,Palau,approved
alzheimerscanada,Canada,approved
netneutralityindia,India,approved
faroeislands,Faroe Islands,approved
armenianbullshit,Armenia,approved
thegreekbible,Greece,approved
jamaica,Jamaica,approved
japanjobs,Japan,approved
exmachina,China,approved
vintagejapaneseautos,Japan,approved
debatecanada,Canada,approved
startupgermany,Germany,approved
kazakhstan,Kazakhstan,approved
brasildob,Brazil,approved
denmarkforsanders,Denmark,approved
french_commander,France,approved
mexicocirclejerk,Mexico,approved
namibiaiosdev,Namibia,approved
iranian,Iran,approved
mainindia,India,approved
thejapaneseobjective,Japan,approved
sverige,Sweden,approved
canadaland,Canada,approved
italia,Italy,approved
canadiansforbernie,Canada,approved
serbian,Serbia,approved
spanishhelp,Spain,approved
saudiarabiaisisis,Saudi Arabia,approved
brasil2,Brazil,approved
zhengzhou_china,China,approved
japanesewatches,Japan,approved
churningcanada,Canada,approved
greek,Greece,approved
australianfascists,Australia,approved
canadacirclejerk,Canada,approved
indiamain,India,approved
brasil_drama,Brazil,approved
romania_ss,Romania,approved
beermoneyindia,India,approved
francophonie,France,approved
modelaustralia,Australia,approved
frenchforeignlegion,France,approved
suomihajosi,Finland,approved
elitedangerousspain,Spain,approved
belgiumcensorship,Belgium,approved
belgiumcirclejerk,Belgium,approved
kenyan,Kenya,approved
gamingportugal,Portugal,approved
expatperu,Peru,approved
indiancinema,India,approved
chinavisa,China,approved
japaneseresources,Japan,approved
haiti,Haiti,approved
wp_canada,Canada,approved
iranpolitics,Iran,approved
indianporn,India,approved
australiangreens,Australia,approved
canadafree,Canada,approved
greencanada,Canada,approved
canadian_socialism,Canada,approved
dota2brasil,Brazil,approved
bapccanada,Canada,approved
piccolifascidiritaly,Italy,approved
singaporeinashellnut,Singapore,approved
socialistpartyireland,Ireland,approved
sinnfeinireland,Ireland,approved
silphroadukandireland,Ireland,approved
indianpeoplequora,India,approved
easterncanadasr,Canada,approved
hungryartists,Hungary,approved
askaustrianeconomics,Austria,approved
panamapapers,Panama,approved
indianfood,India,approved
r4rindia,India,approved
azerbaijan,Azerbaijan,approved
germanicconlangs,Germany,approved
modelaustraliahr,Australia,approved
lgbtaustralia,Australia,approved
estonian,Estonia,approved
morocco,Morocco,approved
indiadiscussion,India,approved
dutchfire,Netherlands,approved
irelandradio,Ireland,approved
russiawonwwii,Russia,approved
perlediritaly,Italy,approved
japaneseporn2,Japan,approved
modelindonesia,Indonesia,approved
pbenorway2016,Norway,approved
spanishhistory,Spain,approved
carsaustralia,Australia,approved
francais,France,approved
indiaspeaks,India,approved
askswitzerland,Switzerland,approved
japaneseinanime,Japan,approved
kwcanada,Canada,approved
indianpolitics,India,approved
japaneseinanimeforum,Japan,approved
teachinginjapan,Japan,approved
mellowhongkong,Hong Kong,approved
pitcairnisland,Pitcairn,approved
canadianvapers,Canada,approved
china2034,China,approved
irelandpodcasting,Ireland,approved
canadagunsee,Canada,approved
frenchside,France,approved
elsalvador,El Salvador,approved
modelraustralia,Australia,approved
pokemongocanada,Canada,approved
modelchina,China,approved
pokemongosweden,Sweden,approved
westerncanadasr,Canada,approved
shitindiansays,India,approved
godenmark,Denmark,approved
pokemongola,Mongolia,approved
pokemongogermany,Germany,approved
srilanka,Sri Lanka,approved
pokemongosuomi,Finland,approved
pokemongo_singapore,Singapore,approved
pokemongojapan,Japan,approved
pokemongobelgium,Belgium,approved
norfolk,Norfolk Island,approved
pokemongosrilanka,Sri Lanka,approved
pokemongo_thailand,Thailand,approved
pokemongoaustria,Austria,approved
pokemongoindia,India,approved
pokemongoperu,Peru,approved
pokemongo_nepal,Nepal,approved
pokemongo_bangladesh,Bangladesh,approved
nomansskyfrance,France,approved
pokemongoportugal,Portugal,approved
thenetherlandsfree,Netherlands,approved
canadapublicservants,Canada,approved
pokemongophilippines,Philippines,approved
polish,Poland,approved
mexicanspaceprogram,Mexico,approved
japanesestreetwear,Japan,approved
pokemongonorge,Norway,approved
explorepakistan,Pakistan,approved
canadianfuturistparty,Canada,approved
dutchdrugzsupport,Netherlands,approved
austrian,Austria,approved
austrian_econ,Austria,approved
shitrportugalsays,Portugal,approved
indiacc,India,approved
dirtypenpals_germany,Germany,approved
canadasmissing,Canada,approved
austrianormarxist,Austria,approved
dutchketo,Netherlands,approved
twoxindia,India,approved
japanesejazz,Japan,approved
legaladvicecanada,Canada,approved
modelmalta,Malta,approved
croatianspy,Croatia,approved
chinalife,China,approved
italyinformatica,Italy,approved
germantrans,Germany,approved
indianreaders,India,approved
romanian,Romania,approved
linuxbrasil,Brazil,approved
frenchhelp,France,approved
greececirclejerk,Greece,approved
indianstartups,India,approved
italylgbt,Italy,approved
italianhistory,Italy,approved
consoledealscanada,Canada,approved
canadaprivacy,Canada,approved
indianfitness,India,approved
israelwatch,Israel,approved
italy_ss,Italy,approved
tillsverige,Sweden,approved
china_zh,China,approved
australianflagchange,Australia,approved
canadianmoms,Canada,approved
medicinecanada,Canada,approved
guyana,Guyana,approved
polandballusers,Poland,approved
italymotori,Italy,approved
legocanada,Canada,approved
suomibannatut,Finland,approved
netherlands,Netherlands,approved
dnmindia,India,approved
jamaican_dynamite,Jamaica,approved
australianhistory,Australia,approved
canadiandaytrading,Canada,approved
mexico_news,Mexico,approved
movingtojapan,Japan,approved
italygames,Italy,approved
norskfotball,Norway,approved
antarcticanomalies,Antarctica,approved
russianpropaganda,Russia,approved
askrussia,Russia,approved
greenpartyofcanada,Canada,approved
greenpartycanada,Canada,approved
italiapersonalfinance,Italy,approved
zatsudan,Sudan,approved
trinidadandtobago,Trinidad and Tobago,approved
puertoricolp,Puerto Rico,approved
indiancj,India,approved
bapcsalesaustralia,Australia,approved
catholicincanada,Canada,approved
russianformalism,Russia,approved
australiasim,Australia,approved
australiasimhouse,Australia,approved
australiasimsenate,Australia,approved
irelandgames,Ireland,approved
canadiancannabisdot,Canada,approved
chinaglass,China,approved
turkishmusic,Turkey,approved
placeireland,Ireland,approved
guam,Guam,approved
theitalyplace,Italy,approved
swedenonplace,Sweden,approved
placecanada,Canada,approved
finlandflag,Finland,approved
aboutrcanada,Canada,approved
basilwhite,Brazil,approved
freeaustralia,Australia,approved
anormaldayinrussia,Russia,approved
chinadata,China,approved
babymetaljapanese,Japan,approved
rs2vietnam,Viet Nam,approved
japanesefood,Japan,approved
beercanada,Canada,approved
japansports,Japan,approved
jokesaboutgermany,Germany,approved
incredibleindia,India,approved
canadainpictures,Canada,approved
mexicoconspiracy,Mexico,approved
lgbtireland,Ireland,approved
civmonaco,Monaco,approved
shitpolandballsays,Poland,approved
bitcoinaustralia,Australia,approved
newzealandhistory,New Zealand,approved
canadia,Canada,approved
republicofindia,India,approved
openaustralia,Australia,approved
bestofsweden,Sweden,approved
indianahoosiers,United States,approved
indiana,United States,approved
england,United Kingdom,approved
georgia,United States,approved
indianauniversity,United States,approved
minneapolis,United States,approved
newjersey,United States,approved
indianapolis,United States,approved
newmexico,United States,approved
machinaesupremacy,Sweden,approved
cameronshighlanders,United Kingdom,approved
indianafishing,United States,approved
northernireland,United Kingdom,approved
newjerseyforsanders,United States,approved
indianaforsanders,United States,approved
georgia4sanders,United States,approved
newmexicoforsanders,United States,approved
georgiabulldogs,United States,approved
georgiaforsanders,United States,approved
newjerseylibertarians,United States,approved
1914wasaserbianjob,Serbia,approved
british,United Kingdom,approved
alabamalibertarians,United States,approved
georgialibertarians,United States,approved
pokemongomanchester,United Kingdom,approved
georgiatech,United States,approved
newjerseyfilm,United States,approved
monacoin,Japan,approved
hanguk,South Korea,approved
francaiscanadien,Canada,approved
nsfw_japan,Japan,approved
frenchgirlsapp,France,approved
dogecoinphilippines,Philippines,approved
israelexposed,Israel,approved
lanl_spanish,Spain,approved
australianrugby,Australia,approved
argentinacringe,Argentina,approved
russianstories,Russia,approved
isleofman,Isle of Man,approved
guatemala,Guatemala,approved
alandislands,Ã…land Islands,approved
dogecoin_india,India,approved
germanic,Germany,approved
dogecoinbelgium,Belgium,approved
dutchposer,Netherlands,approved
dogecoinnetherlands,Netherlands,approved
shitnetherlandssays,Netherlands,approved
australiantv,Australia,approved
indiandownbots,India,approved
sigmametacanada,Canada,approved
franceskajaimes,France,approved
allsvenskan,Sweden,approved
netherlandsworldcup,Netherlands,approved
indiancartoons,India,approved
serbiagaming,Serbia,approved
chinabookclub,China,approved
dota2india,India,approved
continuityrireland,Ireland,approved
mensrightsindia,India,approved
indiancommies,India,approved
dota2nepal,Nepal,approved
jamaicaplain,Jamaica,approved
romanianfootball,Romania,approved
lamusicaenargentina,Argentina,approved
bestofindia,India,approved
meatacanada,Canada,approved
indianfascists,India,approved
spanishinquisition,Spain,approved
lolegypt,Egypt,approved
fairvotecanada,Canada,approved
canadianfootballrules,Canada,approved
svensktdrama,Sweden,approved
myanmar,Myanmar,approved
hexametacanada,Canada,approved
indiastartups,India,approved
estetica_mexico,Mexico,approved
indiakarmaconspiracy,India,approved
solomon_islands,Solomon Islands,approved
nigeria,Nigeria,approved
mexicolindo,Mexico,approved
argentinacirclejerk2,Argentina,approved
politicsindia,India,approved
frugalasvenskar,Sweden,approved
indiansuperleague,India,approved
belgica,Belgium,approved
caymanislands,Cayman Islands,approved
unitedkingdomx,United Kingdom,approved
slavaukraine,Ukraine,approved
newzealandfilm,New Zealand,approved
canadapoliticshumour,Canada,approved
bestofitaly,Italy,approved
cryptoportugal,Portugal,approved
nsfw_indians,India,approved
indianbabes,India,approved
swedenbroke,Sweden,approved
mcmexico,Mexico,approved
chilecirclejerk,Chile,approved
canadianbusiness,Canada,approved
canadianfilm,Canada,approved
canadiancannabisopen,Canada,approved
chinareports,China,approved
opencjaustralia,Australia,approved
shitmexicosays,Mexico,approved
unitedkingdom_nobans,United Kingdom,approved
polishnsfw,Poland,approved
gibraltar,Gibraltar,approved
siberia,Russia,approved
ukraineconflict,Ukraine,approved
canadaproblems,Canada,approved
australianfilm,Australia,approved
maldives,Maldives,approved
canadacordcutters,Canada,approved
belize,Belize,approved
academiccanada,Canada,approved
canadianbroadband,Canada,approved
japanart,Japan,approved
chilecringe,Chile,approved
anormaldayinnorway,Norway,approved
australianfreespeech,Australia,approved
madeinchina,China,approved
corrupciondemexico,Mexico,approved
vikingdenmark,Denmark,approved
indiancelebs,India,approved
politicademexico,Mexico,approved
ukrainian,Ukraine,approved
turismobrasil,Brazil,approved
indiaunbiased,India,approved
mexicanfood,Mexico,approved
unitedstatesofamerica,United States,approved
estoniatmklann,Estonia,approved
italiangaming,Italy,approved
cryptoindia,India,approved
nicaragua,Nicaragua,approved
dogecoinbrasil,Brazil,approved
sexysouthafrica,South Africa,approved
indianengineers,India,approved
northernnewjersey,United States,approved
barbados,Barbados,approved
newjerseyman,United States,approved
fakefinland,Finland,approved
greenenergychinaev,China,approved
therussianbane,Russia,approved
unaustralia,Australia,approved
philippinetrees,Philippines,approved
romanialibera,Romania,approved
unitedstates,United States,approved
indiatalk,India,approved
oldindia,India,approved
spanishcivilwar1936,Spain,approved
shutdownmetacanada,Canada,approved
germanhistory,Germany,approved
japaneseanimation,Japan,approved
indialaw,India,approved
ukrainiancirclejerk,Ukraine,approved
australiansport,Australia,approved
pipetobaccoaustralia,Australia,approved
frenchhistory,France,approved
chinail,China,approved
friendfeed_italiano,Italy,approved
padres_argentina,Argentina,approved
shitargentinasays,Argentina,approved
lgbtindia,India,approved
upliftingnewsindia,India,approved
francehate,France,approved
truefrance,France,approved
canadafilmmakers,Canada,approved
normaldayinjapan,Japan,approved
cjofindia,India,approved
norwayonreddit,Norway,approved
canadian_news,Canada,approved
canadiansuperpromise,Canada,approved
mexicodf,Mexico,approved
palestina,"Palestine, State of",approved
canadadashcam,Canada,approved
dutchresources,Netherlands,approved
dominica,Dominica,approved
policereformsindia,India,approved
tanzania,"Tanzania, United Republic of",approved
kekoslovakia,Slovakia,approved
greekmythology,Greece,approved
australianaccounting,Australia,approved
netflixaustralia,Australia,approved
indianfootball,India,approved
germanrants,Germany,approved
antijapancirclejerk,Japan,approved
starcraftdeutschland,Germany,approved
canadianandroid,Canada,approved
beermoneycanada,Canada,approved
philippinebasketball,Philippines,approved
trueaustralia,Australia,approved
australiasnow,Australia,approved
shitgermanssay,Germany,approved
indialeaks,India,approved
italycirclejerk,Italy,approved
dogecoinjapan,Japan,approved
bahamas,Bahamas,approved
civbermuda,Bermuda,approved
china1984,China,approved
bermuda,Bermuda,approved
canadianbulls,Canada,approved
portugal2,Portugal,approved
frenchproblems,France,approved
singaporecirclejerk,Singapore,approved
ffaindia,India,approved
japandating,Japan,approved
polandballbookclub,Poland,approved
indiaunedit,India,approved
canadahousingbubble,Canada,approved
russiansontheinternet,Russia,approved
newjerseyfreakshow,United States,approved
germanmilitaryorders,Germany,approved
bhutan,Bhutan,approved
mongolianhatewatch,Mongolia,approved
frenchtourist,France,approved
animeportugal,Portugal,approved
belgiumball,Belgium,approved
southafricanmusic,South Africa,approved
sverigedemokraterna,Sweden,approved
chinaparenting,China,approved
cameroon,Cameroon,approved
basicincomecanada,Canada,approved
brazilistheworst,Brazil,approved
specificgermanwords,Germany,approved
japanesecinema,Japan,approved
sverigerunt,Sweden,approved
spacecanada,Canada,approved
canadianpolitics,Canada,approved
wtfjapan,Japan,approved
hiphopcanada,Canada,approved
merdeinfrance,France,approved
russianhistory,Russia,approved
australiansforbernie,Australia,approved
indiapodcast,India,approved
indiapolicy,India,approved
sustainableaustralia,Australia,approved
amiibonewmexico,Mexico,approved
chinalaw,China,approved
vietnamwarpics,Viet Nam,approved
chinaexpat,China,approved
norgefornordmenn,Norway,approved
panamacity,Panama,approved
svenskhistoria,Sweden,approved
amiibo_australia,Australia,approved
serbianman,Serbia,approved
bestofbrasil,Brazil,approved
freelancing_india,India,approved
germanvideos,Germany,approved
ukrainefootball,Ukraine,approved
libertariangreece,Greece,approved
kyrgyzstan,Kyrgyzstan,approved
japaneseporn,Japan,approved
chinadomination,China,approved
chinabiz,China,approved
dutchshitonreddit,Netherlands,approved
dutcharegay,Netherlands,approved
suriname,Suriname,approved
russiangridcoin,Russia,approved
america,United States,approved
sverigeskommuner,Sweden,approved
francepics,France,approved
polandaccounting,Poland,approved
indiainfrastructure,India,approved
allrussia,Russia,approved
fairepublicofireland,Ireland,approved
indianademocrats,United States,approved
indianatrees,United States,approved
visitcanada,Canada,approved
sloveniabeta,Slovenia,approved
poland_balls,Poland,approved
osrssverige,Sweden,approved
virginaustralia,Australia,approved
finegaelireland,Ireland,approved
vietnamese,Viet Nam,approved
canadianpl,Canada,approved
nederlands,Netherlands,approved
canadianrunners,Canada,approved
boycottchina,China,approved
cigarscanada,Canada,approved
rpicanada,Canada,approved
deutsche,Germany,approved
expatsingapore,Singapore,approved
indonesian,Indonesia,approved
serbia_casual,Serbia,approved
canadianfunkofinders,Canada,approved
indianfetish,India,approved
cubansandwiches,Cuba,approved
xjapan,Japan,approved
onlyinkenya,Kenya,approved
silphroadindiana,United States,approved
bellcanada,Canada,approved
fiaustralia,Australia,approved
latviajokes,Latvia,approved
franchisetips,France,approved
oekraineukraine,Ukraine,approved
nonaustrianeconomics,Austria,approved
mexicorants,Mexico,approved
norwaypics,Norway,approved
canadiantv,Canada,approved
china_news,China,approved
trumpnewjersey,United States,approved
bitcoinvenezuela,Venezuela,approved
startrekgermany,Germany,approved
japan_ja,Japan,approved
israeldefenseforces,Israel,approved
metametametacanada,Canada,approved
identityirelandforum,Ireland,approved
canadashoppingdeals,Canada,approved
swedenborg,Sweden,approved
gayjapan,Japan,approved
mongolian,Mongolia,approved
austriansports,Austria,approved
meincanada,Canada,approved
japanwomensvolleyball,Japan,approved
slovenija,Slovenia,approved
icelandbestlandfc,Iceland,approved
china5000,China,approved
novorossiya,Russia,approved
pokemongoaustralia,Australia,approved
pokemongofrance,France,approved
veqqfragtdeutschland,Germany,approved
somaliandebateteam,Somalia,approved
pokemongospain,Spain,approved
pokemongoluxembourg,Luxembourg,approved
pokemongo_hongkong,Hong Kong,approved
dcfrenchstudent,France,approved
irelandtelevision,Ireland,approved
russiatoday,Russia,approved
irelandjournalism,Ireland,approved
ethipianfood,Ethiopia,approved
haitian_culture,Haiti,approved
paidrussiantrolls,Russia,approved
lithuaniaspheres,Lithuania,approved
indianredpillers,India,approved
indianfeminism,India,approved
facebookitalia,Italy,approved
russiahate,Russia,approved
france_apolitique,France,approved
shitindianssay,India,approved
pokemongoireland,Ireland,approved
pokemongopakistan,Pakistan,approved
veganincanada,Canada,approved
shittyaskjapan,Japan,approved
betacanada,Canada,approved
frenchimmersion,France,approved
picturesofireland,Ireland,approved
weareindia,India,approved
shitindianssayonline,India,approved
canadiangreenparty,Canada,approved
travelsinindia,India,approved
srscanada,Canada,approved
svenskapoddar,Sweden,approved
isleofmanphotos,Isle of Man,approved
beautifulindia,India,approved
motoireland,Ireland,approved
perlediperlediritaly,Italy,approved
beerjapan,Japan,approved
netflixjapan,Japan,approved
lgbt_de_argentina,Argentina,approved
universityofmalta,Malta,approved
japanesecars,Japan,approved
polishdiaspora,Poland,approved
tilinindia,India,approved
papuanewguinea,Guinea,approved
extremejapangigs,Japan,approved
azad_pakistan,Pakistan,approved
sloveniapics,Slovenia,approved
deutschland83,Germany,approved
federalindianlaw,India,approved
coeursbrisesdefrance,France,approved
italianamateurs,Italy,approved
japanhowdoilife,Japan,approved
newschina,China,approved
suddenlyspanish,Spain,approved
wtf_china,China,approved
virginislands,"Virgin Islands, British",approved
mexicosincensura,Mexico,approved
mexicanjesus,Mexico,approved
thailandnews,Thailand,approved
italymeltdown,Italy,approved
chinafinance,China,approved
meinmeincanada,Canada,approved
cbc_canada,Canada,approved
chinauncensored,China,approved
historyofaustria,Austria,approved
montserratdiying,Montserrat,approved
economiaitaliana,Italy,approved
lanl_french,France,approved
chinaart,China,approved
butthurtcanada,Canada,approved
australiansocialism,Australia,approved
indianmongering,India,approved
datawithoutgreenland,Greenland,approved
realfinlandconspiracy,Finland,approved
definitelynotrussians,Russia,approved
altrightcanada,Canada,approved
germany_,Germany,approved
cuba_opens,Cuba,approved
china2020,China,approved
indianconspiracies,India,approved
canadiansammy,Canada,approved
normaldayinrussia,Russia,approved
turkish,Turkey,approved
mayorsofcanada,Canada,approved
mapswith2newzealands,New Zealand,approved
notanitalianflag,Italy,approved
serbianfilm,Serbia,approved
japangamers,Japan,approved
greenland,Greenland,approved
singaporefi,Singapore,approved
bitcoin_singapore,Singapore,approved
askitaly,Italy,approved
romaniacs,Romania,approved
canadaweedstocks,Canada,approved
liberalregressives,Liberia,approved
todayireland,Ireland,approved
japangigs,Japan,approved
strangesouthafrica,South Africa,approved
japaneseuncensored,Japan,approved
turkishcirclejerk,Turkey,approved
mapswithouticeland,Iceland,approved
csgoportugal,Portugal,approved
doctorsofindia,India,approved
brasil_reflexivo,Brazil,approved
russiangirls,Russia,approved
pakistansuperleague,Pakistan,approved
venezuela,Venezuela,approved
portugalonreddit,Portugal,approved
frugalcanada,Canada,approved
indiansgonewild,India,approved
argentinasubcampeon,Argentina,approved
floridawoman,United States,approved
videogamedealscanada,Canada,approved
badnepaliflags,Nepal,approved
indianbands,India,approved
russialago,Russia,approved
onverwachtnederlands,Netherlands,approved
brasilonreddit,Brazil,approved
portugalrpg,Portugal,approved
irelandgaming,Ireland,approved
memexico,Mexico,approved
badunitedkingdom,United Kingdom,approved
placefrance,France,approved
futthedutchies,Netherlands,approved
italygastronomia,Italy,approved
russiaclan,Russia,approved
indianpeoplereddit,India,approved
italycalcio,Italy,approved
hongkongstrong,Hong Kong,approved
toefl_in_china,China,approved
canadianhistory,Canada,approved
israelhasbarawatch,Israel,approved
italian,Italy,approved
francecode,France,approved
norussiansorliberals,Russia,approved
australiaright,Australia,approved
fellowfrenchmen,France,approved
schweiz,Switzerland,approved
frenchelectro,France,approved
archivecanada,Canada,approved
venezuelancrisis,Venezuela,approved
nederland,Netherlands,approved
chiangmaithailand,Thailand,approved
mexico_vip,Mexico,approved
swedenmap20hcf,Sweden,approved
spanishmeerkat,Spain,approved
dogejapan,Japan,approved
wichitalan,Italy,approved
cleanindiawiki,India,approved
perupics,Peru,approved
chinapics,China,approved
polandpolska_gulag,Poland,approved
nepalimovies,Nepal,approved
australiapics,Australia,approved
cleanindia,India,approved
askisleofman,Isle of Man,approved
caricature_japan,Japan,approved
mexicocity,Mexico,approved
polandballart,Poland,approved
japaneseinthewild,Japan,approved
radicalcanada,Canada,approved
fifaireland,Ireland,approved
ethiopiapics,Ethiopia,approved
italycomments,Italy,approved
germanmusicals,Germany,approved
natorussianconflict,Russia,approved
lostpetssouthafrica,South Africa,approved
japanesemusicawards,Japan,approved
germanproblems,Germany,approved
polandballgifs,Poland,approved
japanpornstars,Japan,approved
imagesoffrance,France,approved
dutchproblems,Netherlands,approved
indianiggirls,India,approved
suomisenttaa,Finland,approved
japanesehiphop,Japan,approved
svalbard,Norway,approved
modelcuba,Cuba,approved
indianrightwing,India,approved
startupcanada,Canada,approved
modeliraq,Iraq,approved
imagesofspain,Spain,approved
indiansports,India,approved
insurancecanada,Canada,approved
veganinjapan,Japan,approved
churning_canada,Canada,approved
videogamscanada,Canada,approved
easy_french,France,approved
fiji,Fiji,approved
imagesofcanada,Canada,approved
greaterhongkong,Hong Kong,approved
chinafuturism,China,approved
japanese_idols,Japan,approved
modelaustraliacomlaw,Australia,approved
finnishdude101,Finland,approved
imagesofaustralia,Australia,approved
hongkongmusic,Hong Kong,approved
indianteens,India,approved
canadaredacted,Canada,approved
emrnorway,Norway,approved
nmmusicindia,India,approved
trueitaly,Italy,approved
indianjobs,India,approved
nsfw_china,China,approved
germanpractice,Germany,approved
japanesepussy,Japan,approved
turkishfootball,Turkey,approved
indianautos,India,approved
ethopians,Ethiopia,approved
crhcanada,Canada,approved
chinaside,China,approved
bitcoinsuomi,Finland,approved
srsaustralia,Australia,approved
hashtagindia,India,approved
drawmelikefrenchgirls,France,approved
nflaustralia,Australia,approved
incrediblepakistan,Pakistan,approved
fishingcanada,Canada,approved
russianimmersion,Russia,approved
vrpolska,Poland,approved
indiangirls,India,approved
indiandefense,India,approved
japangamecollecting,Japan,approved
unitedstatessenate,United States,approved
ukrainianlanguage,Ukraine,approved
ukrainianwar,Ukraine,approved
iranianmusic,Iran,approved
krussianspaceprogram,Russia,approved
brazilianmusic,Brazil,approved
swedenpics,Sweden,approved
betterpositiveindia,India,approved
antarcticapics,Antarctica,approved
basicincomeireland,Ireland,approved
aidorujapaneseidols,Japan,approved
bestoffrance,France,approved
mchinagov,China,approved
ouraustralia,Australia,approved
canadabasketball,Canada,approved
anormaldayinjapan,Japan,approved
bargainsinireland,Ireland,approved
canadianhardwareswap,Canada,approved
japanplaces,Japan,approved
republicofcanada,Canada,approved
ethiopianfood,Ethiopia,approved
gtaorrussia,Russia,approved
canadiangraffiti,Canada,approved
brasilia,Brazil,approved
franceliberale,France,approved
imagesofyemen,Yemen,approved
brasil3,Brazil,approved
gamledanmark,Denmark,approved
diyjapan,Japan,approved
mensrightsaustralia,Australia,approved
italianfood,Italy,approved
dutchboardgames,Netherlands,approved
kenyanews,Kenya,approved
imagesofbelgium,Belgium,approved
makeinindia,India,approved
guamforsanders,Guam,approved
ukrainetoday,Ukraine,approved
askargentina,Argentina,approved
puertoricotravel,Puerto Rico,approved
my_anguilla,Anguilla,approved
germanpuns,Germany,approved
russiandefense,Russia,approved
imagesofindia,India,approved
canadiancoins,Canada,approved
fishingaustralia,Australia,approved
canadianyoutubers,Canada,approved
imagesofrussia,Russia,approved
rcigarscanadabz,Canada,approved
learnlatvian,Latvia,approved
japaneseasmr,Japan,approved
isleofmanradio,Isle of Man,approved
internetbrasil,Brazil,approved
pokemongohongkong,Hong Kong,approved
normaldayinsweden,Sweden,approved
pokemongobrasil,Brazil,approved
frenchtwinks,France,approved
colombianas,Colombia,approved
artebrasileira,Brazil,approved
imagesofnewzealand,New Zealand,approved
newzealandmediasucks,New Zealand,approved
wepakistan,Pakistan,approved
chinaspace,China,approved
imagesofchina,China,approved
indiamodelpress,India,approved
imagesoficeland,Iceland,approved
imagesofjapan,Japan,approved
canadianmusic,Canada,approved
imagesofnetherlands,Netherlands,approved
netherlandspics,Netherlands,approved
imagesofafghanistan,Afghanistan,approved
politicalrevcanada,Canada,approved
indiapolitical,India,approved
the_italia,Italy,approved
imagesofmexico,Mexico,approved
westernsahara,Western Sahara,approved
canadatalkspolitics,Canada,approved
lifeinjapan,Japan,approved
singaporefinance,Singapore,approved
startupscroatia,Croatia,approved
portugalgaming,Portugal,approved
imagesofiran,Iran,approved
imagesofromania,Romania,approved
gostartupindia,India,approved
romaniaporn,Romania,approved
italyphotos,Italy,approved
funnyjapan,Japan,approved
askjapan,Japan,approved
frenchtech,France,approved
australiangovtfails,Australia,approved
girlgamersaustralia,Australia,approved
mobilecanada,Canada,approved
imagesofhongkong,Hong Kong,approved
souvenirsfromjapan,Japan,approved
imagesofnorway,Norway,approved
imagesofnewmexico,United States,approved
iranianatheists,Iran,approved
veganpanama,Panama,approved
imagesofchile,Chile,approved
imagesofgeorgia,Georgia,approved
otakusinindia,India,approved
imagesofindiana,India,approved
deathroadtocanada,Canada,approved
twoxjapan,Japan,approved
martinique,Martinique,approved
legaladviceireland,Ireland,approved
imagesofsingapore,Singapore,approved
thailandbuscrash,Thailand,approved
imagesofperu,Peru,approved
chinascamcentral,China,approved
greekgodx,Greece,approved
indianahoosiers,United States,approved
indiana,United States,approved
england,United Kingdom,approved
georgia,United States,approved
indianauniversity,United States,approved
minneapolis,United States,approved
newjersey,United States,approved
indianapolis,United States,approved
newmexico,United States,approved
machinaesupremacy,Sweden,approved
cameronshighlanders,United Kingdom,approved
indianafishing,United States,approved
northernireland,United Kingdom,approved
newjerseyforsanders,United States,approved
indianaforsanders,United States,approved
georgia4sanders,United States,approved
newmexicoforsanders,United States,approved
georgiabulldogs,United States,approved
georgiaforsanders,United States,approved
newjerseylibertarians,United States,approved
1914wasaserbianjob,Serbia,approved
british,United Kingdom,approved
alabamalibertarians,United States,approved
georgialibertarians,United States,approved
pokemongomanchester,United Kingdom,approved
georgiatech,United States,approved
newjerseyfilm,United States,approved
southjersey,United States,approved
guineabissau,Guinea-Bissau,approved
nipponichi,Japan,approved
jerseyclub,United States,approved
jerseycity,United States,approved
lefrenchmelee,France,approved
bharat,India,approved
northjersey,United States,approved
greekreddit,Greece,approved
bharatcirclejerk,India,approved
georgiavapers,United States,approved
esportsaustralia,Australia,approved
francisedec,France,approved
palfest,"Palestine, State of",approved
frenchrap,France,approved
nipponkaigi,Japan,approved
frenchwestindies,France,approved
mapswithnojersey,Jersey,approved
malibu,United States,approved
uttambharat,India,approved
hungaryforpower,Hungary,approved
eesticsgo,Estonia,approved
carrolltongeorgia,United States,approved
francelebolchevik,France,approved
georgiacampandhike,United States,approved
francesinhas,France,approved
libyancrisis,Libya,approved
jerseycityboardgames,United States,approved
parassuomi,Finland,approved
imagesofbrazil,Brazil,approved
