subreddit,country
inlandempire,Finland
connecticut,USA
denverbroncos,USA
australia,Australia
minnesotavikings,USA
blackfellas,Greece
alaskanmalamute,USA
chromecast,Italy
london,United Kingdom
urbanplanning,South Africa
brisbane,Australia
bitcoinfrance,France
india,India
canadaguns,Canada
uiowa,USA
origami,Latvia
mauritius,Mauritius
monacoin,Monaco
france,France
cork,Ireland
circlejerkaustralia,Australia
indianews,India
shitamericanssay,USA
frenchhouse,France
polandballarena,Poland
argentinacirclejerk,Argentina
unitedkingdom,United Kingdom
svenskpolitik,Sweden
floridagators,USA
calgaryflames,Canada
shanghai,China
pirates,United Arab Emirates
italy,Italy
learnfinnish,Finland
britishsuccess,United Kingdom
australianpolitics,Australia
washingtondc,USA
columbusbeer,USA
charlestonwv,USA
northcarolina,USA
raleigh,USA
egypt,Egypt
starcitizenaustralia,Australia
mspaintbattles,Spain
chinese,China
native_korean,South Korea
saltlakecity,USA
metacanada,Canada
japan,Japan
dubai,United Arab Emirates
nevertoomanymlpsubs,Oman
atlanta,USA
hawaii,USA
germany,Germany
israel,Israel
australianmakeup,Australia
urbandesign,South Africa
startups,Estonia
westvirginia,USA
indianahoosiers,USA
huntsvillealabama,USA
thailandlos,Thailand
chicagobulls,USA
denvergamers,USA
mtaugusta,USA
norway,Norway
marijuana,Mexico
armenia,Armenia
canada,Canada
losangeles,USA
chrome,Italy
austin,USA
kansascity,USA
team_japanese,Japan
serbia,Serbia
denver,USA
colorado,USA
sweden,Sweden
argentina,Argentina
hanguk,South Korea
pakistan,Pakistan
chicagogaymers,USA
ukraine,Ukraine
chicago,USA
singapore,Singapore
teamcanada,Canada
chile,Chile
honduras,Honduras
austincirclejerk,USA
indiana,USA
atlantahawks,USA
polishgauntlet,Poland
philippines,Philippines
ukrainianuprising,Ukraine
boston,USA
spiderman,Germany
durango,South Africa
peru,Peru
ancientegypt,Egypt
losangeleskings,USA
bostonbruins,USA
romania,Romania
boise_idaho,USA
americandad,USA
italydiscussioni,Italy
newaugusta,USA
texasrangers,USA
newyork,USA
calgary,Canada
montreal,Canada
albania,Albania
britishmilitary,United Kingdom
britishproblems,United Kingdom
seireitei,Ireland
rayromano,Oman
portugal,Portugal
minimalism,Mali
persian,Iran
insurance,France
chicagodoges,USA
albany,USA
londoncycling,United Kingdom
britishcolumbia,United Kingdom
bangladesh,Bangladesh
britishtv,United Kingdom
climate,Peru
acmilan,Italy
russian,Russia
coloradoavalanche,USA
kansas,USA
civcraftcolumbia,USA
tokyo,Japan
french,France
lebanon,Lebanon
lincoln,USA
londonsocialclub,United Kingdom
ecuador,Ecuador
japanesemusicmarket,Japan
iran,Iran
bostonceltics,USA
austria,Austria
stockholm,Sweden
chicagomusicscene,USA
kansascitychiefs,USA
utah,USA
england,United Kingdom
floridapanthers,USA
japancirclejerk,Japan
sacramento,USA
bostonsocialclub,USA
sensiblecanada,Canada
china,China
newlondon,United Kingdom
indianwriters,India
korea,South Korea
georgia,USA
ohiostatefootball,USA
olympics,USA
latvianjokes,Latvia
provoutah,USA
climateskeptics,Peru
newzealand,New Zealand
dominican,Dominica
toronto,Canada
brasil,Brazil
greece,Greece
mexico,Mexico
torontoevents,Canada
askfrance,France
indianauniversity,USA
columbusclassifieds,USA
streetwearstartup,Estonia
japanlife,Japan
boardsofcanada,Canada
chicagocirclejerk,USA
northkoreanews,North Korea
palestine,Palestine
saudiarabia,Saudi Arabia
utahvapers,USA
hongkong,Hong Kong
batonrouge,USA
csuohio,USA
ukrainianconflict,Ukraine
ukraineliveupdates,Ukraine
croatia,Croatia
vermont,USA
russia,Russia
dogecoingermany,Germany
classictrance,France
superman,Germany
melbourne,Australia
canadian_ecigarette,Canada
lanl_german,Germany
chrome_extensions,Italy
americanhorrorstory,USA
dogecoinfrance,France
austinguns,USA
denmark,Denmark
redditpolish,Poland
bostonboardgames,USA
arizona,USA
cyprus,Cyprus
made_in_england,United Kingdom
minneapolis,Poland
genealogy,Switzerland
austinrunning,USA
northdakota,USA
leedsunited,United Kingdom
columbiamo,USA
norsk,Norway
borussiadortmund,Russia
percyjacksonrp,USA
personalfinancecanada,Canada
amsterdam,Netherlands
starcitizenfrance,France
holland,Netherlands
puertorico,Puerto Rico
latinamerica,USA
latinoamerica,USA
valenciacf,Venezuela
torontoraptors,Canada
columbussocial,USA
thenetherlands,Netherlands
chinesephones,China
ireland,Ireland
redditbrigade,Latvia
uwmadison,USA
phoenix,USA
virginiatech,USA
socialparis,France
florida,USA
brazil,Brazil
maine,USA
seoul,South Korea
wisconsin,USA
austinmotorcycles,USA
utaustin,USA
germanrap,Germany
irishhistory,Ireland
coloradorockies,USA
concordia,USA
asianamerican,USA
highamerica,USA
chicagosuburbs,USA
bergecraft,Norway
janesphoenix,USA
austrian_economics,Austria
learndutch,Netherlands
cuba,Cuba
speakjapanese,Japan
newzealanders,New Zealand
providence,USA
newyorkmets,USA
americanpsycho,USA
portuguese,Portugal
chromanauts,Oman
birmingham,United Kingdom
kentucky,USA
chromeos,Italy
newjersey,Jersey
tennesseetitans,USA
im14andmetacanada,Canada
chicagor4r,USA
germanmilitaria,Germany
japanesegameshows,Japan
mainebeer,USA
minnesotaunited,USA
turku,Finland
bostonu,USA
nwarkansas,USA
indonesia,Indonesia
spanish,Spain
virginiabeach,USA
mychemicalromance,Oman
thailand,Thailand
austinyoga,USA
limericks,Ireland
littlelatvia,Latvia
indianapolis,USA
staples,Italy
australiancattledog,Australia
texaspets,USA
orangelondo,United Kingdom
denvernuggets,USA
hiphopjapan,Japan
columbiamd,USA
columbus,USA
sydney,Australia
chicagoraoameetup,USA
northkorea,South Korea
prague,Czechia
austinclassifieds,USA
utahjazz,USA
washingtonwizards,USA
nativeamerican,USA
polistan,Poland
antarctica,Antarctica
auckland,New Zealand
madisonwi,USA
wellington,New Zealand
mississippi,USA
metacanadacockfags,Canada
switzerland,Switzerland
turkey,Turkey
jordan,Jordan
realmadrid,Spain
floridatrees,USA
ostrava,Czechia
reddit_phoenix,USA
frenchrock,France
ukraina,Ukraine
augusta,USA
denvermusic,USA
paris,France
virginia,USA
alaska,USA
hellstarmicro,Greece
montrealents,Canada
chicagojobs,USA
portugaltheman,Portugal
newmexico,Mexico
israel2,Israel
netflixcanada,Canada
descendantsofrome,Italy
sonyxperia,Iran
korean,South Korea
irishcirclejerk,Ireland
missouripolitics,USA
texas,USA
atlantaeats,USA
bikewrench,France
londonfit,United Kingdom
nashville,USA
chicagonwside,USA
urbandance,South Africa
vietnam,Vietnam
lolmacedonia,North Macedonia
piratepartyofcanada,Canada
chineselanguage,China
swingersengland,United Kingdom
malaysia,Malaysia
barcelona,Spain
iceland,Iceland
bitcoincolombia,Colombia
louisiana,USA
london_forhire,United Kingdom
canadapolitics,Canada
finland,Finland
losangelesgaybros,USA
leagueofireland,Ireland
chicagoedm,USA
oman,Oman
eritrea,Eritrea
canadian_eclassifieds,Canada
michigan,USA
chicagofire,USA
dogecoinromania,Romania
fijian,Fiji
learngerman,Germany
suchislifeinmoscow,Russia
transtexas,USA
moscow,Russia
dogecoinindia,India
illinois,USA
belgium,Belgium
bandung,Indonesia
bahrain,Bahrain
massachusetts,USA
olympia,USA
shanghaigaybros,China
toontown,Canada
southafrica,South Africa
belgianfootball,Belgium
newyorkislanders,USA
portugueseliga,Portugal
australianmfa,Australia
britishmetal,United Kingdom
suomi,Finland
bestofboston,USA
rhodeisland,USA
kenya,Kenya
nomansskythegame,Oman
amsterdaments,Netherlands
civcraft_olympia,USA
melbournecirclejerk,Australia
franchisehockey,France
deutschland,Germany
german,Germany
indiainvestments,India
svenska,Sweden
learnjapanese,Japan
delhi,India
fragrance,France
bulgaria,Bulgaria
michiganriders,USA
boardgamegreek,Greece
denverseddit,USA
starcrafthaircuts,Thailand
colombia,Colombia
afghanistan,Afghanistan
jacksonville,USA
dublin,Ireland
mainecoons,USA
tpwcmexico,Mexico
machinaesupremacy,China
cambodia,Cambodia
libya,Libya
tunisia,Tunisia
hungary,Hungary
italytest,Italy
mtaugustajustice,USA
romesweetrome,Italy
japantravel,Japan
podemosparis,France
newhampshire,USA
vrsweden,Sweden
bostonr4r,USA
coachella,Greece
austinfood,USA
learnicelandic,Iceland
algeria,Algeria
civpolska,Poland
chicagoproducers,USA
canadients,Canada
japanesemusic,Japan
tesdoverkill,USA
sydneybuyandsell,Australia
uae,United Arab Emirates
armenian,Armenia
berlin,Germany
africanamerican,USA
urbanexploration,South Africa
olympiquelyonnais,France
torontobluejays,Canada
athens,Greece
laexploratorybrigade,Latvia
mumbai,India
latvia,Latvia
lithuania,Lithuania
eesti,Estonia
swedishupvotesociety,Sweden
calgaryhousing,Canada
calgaryclassifieds,Canada
coloradosprings,USA
poland,Poland
ancientgreece,Greece
delaware,USA
sportsjerseys,Jersey
basketballjerseys,Jersey
koreanvariety,South Korea
leagueworldskorea,South Korea
ketoaustralia,Australia
asheville,USA
propaganda,Uganda
chinareport,China
travelchina,China
scuba,Cuba
hwstartups,Estonia
hfygerman,Germany
wimali_public,Mali
norge,Norway
hfyitalian,Italy
chicagobears,USA
ucalgary,Canada
olympiakosfc,USA
hfyspanish,Spain
calgarysocialclub,Canada
cubancigars,Cuba
minnesotatwins,USA
luxembourg,Luxembourg
chinesefood,China
swedishcopypasta,Sweden
polishsoccer,Poland
italianlearning,Italy
cissingapore,Singapore
serialkillers,Serbia
ancientrome,Italy
r4albany,USA
pennsylvania,USA
francelibre,France
ukrainenewsbot,Ukraine
oklahoma,USA
asklosangeles,USA
algerianfootball,Algeria
visitmontreal,Canada
hfyfrench,France
amifreetogo,Togo
metametacanada,Canada
ascensionparish,France
talesfromanoldguy,Oman
centralillinois,USA
mspaintrequests,Spain
iraq,Iraq
kanon,Nigeria
chromeapks,Italy
brisbanelions,Australia
learnpolish,Poland
slovenia,Slovenia
madrid,Spain
maryland,USA
sdcolorado,USA
teachinginkorea,South Korea
politicalcalifornia,USA
polskapoland,Netherlands
hockeyjerseys,Jersey
redditwatchindia,India
argentinacocina,Argentina
southjersey,Jersey
climatskeptics,Peru
learnchinese,China
animalid,Mali
olympiquedemarseille,France
serialpodcast,Serbia
denverwriters,USA
swedishproblems,Sweden
guineapigs,Guinea
alabama,USA
libertarianaustralia,Australia
sydneymotorcycles,Australia
virginients,USA
southcarolina,USA
bostonhousing,USA
hellsrangers,Greece
moldovancrisis,Moldova
bostontrees,USA
kansascitybeer,USA
indiandadjokes,India
santiago,Chile
hungarian,Hungary
gambitgaming,Gambia
chicagogaming,USA
askindia,India
britishpolitics,United Kingdom
austinjobs,USA
georgism,USA
islandis,Faroe Islands
europestartups,Estonia
germanshepherd,Germany
chinaphones,China
finnishhistory,Finland
polandball,Poland
centrallouisiana,USA
minnesota,USA
sdireland,Ireland
thedescendantsofrome,Italy
toomanycooks,Oman
britishbootcamp,United Kingdom
richmondfc,USA
thailandtourism,Thailand
dogechinese,China
learnspanish,Spain
montana,USA
malta,Malta
americanathletic,USA
hartford,USA
california,USA
salemma,USA
aussiepolish,Poland
brasilivre,Brazil
salem,USA
polska,Poland
sdchicago,USA
munich,Germany
newrussia,Russia
starcitizengerman,Germany
indiancountry,India
moldova,Moldova
toontownmods,Canada
livefromnewyork,USA
austrianeconomics,Austria
leagueoflegendsturkey,Turkey
austin101123,USA
uruguay,Uruguay
northamericantreaty,USA
trueaustin,USA
atlantar4r,USA
comunitatvalenciana,Venezuela
forjamaicasmom,Jamaica
testdenmark,Denmark
montrealhousing,Canada
ajaxamsterdam,Netherlands
techinasia,China
chinesehistory,China
chinabuyers,China
indonesiangamers,Indonesia
ecigindia,India
australianshepherd,Australia
duschtankar,Turkey
mongolia,Mongolia
panama,Panama
paraguay,Paraguay
bolivia,Bolivia
expatjapan_coc,Japan
cameroncrazies,Cameroon
forjamaica,Jamaica
malaysianpf,Malaysia
texasfilmmakers,USA
germantrees,Germany
askaheathen,Greece
askanamerican,USA
chicagotrees,USA
oregonstatecs,USA
stepmania,Philippines
holyamericanstate,USA
dogecoinspain,Spain
spain,Spain
againstmarijuana,Mexico
copenhagen,Denmark
startupaccelerators,Estonia
foodtoronto,Canada
iraqisoccer,Iraq
subofrome,Italy
torontocraftbeer,Canada
springfieldmo,USA
finishthejoke,Finland
uksplitmessages,Croatia
bostonmass,USA
starcitizenrussian,Russia
bostonjobs,USA
indonesiacirclejerk,Indonesia
randomactsofpolish,Poland
austinketo,USA
denverbitcoin,USA
liberal,Liberia
newenglandrevolution,United Kingdom
smuttysplitdepthgifs,Croatia
iowa,USA
elitedangerousbrasil,Brazil
askmontreal,Canada
americanprimitivism,USA
serialdiscussion,Serbia
virginiamusicians,USA
caucasianchinese,China
morgopolis,Poland
splitdepthgifs,Croatia
fluffysteesting,Estonia
iceandfirepowers,Iceland
universityofhawaii,USA
ukrainianconflict2,Ukraine
nepal,Nepal
plazacomunidadmadrid,Spain
seireiteirp,Ireland
johor_bahru_malaysia,Malaysia
runraleigh,USA
torontotransit,Canada
montrealimpact,Canada
cameronshighlanders,Cameroon
brussels,Belgium
nailpolishdeals,Poland
wisconsinbadgers,USA
onlyonestories,France
slovakia,Slovakia
czech,Czechia
bigfinish,Finland
as_a_german,Germany
japanpics,Japan
rpgpolska,Poland
montrealbands,Canada
buttfacebrigade,Latvia
japanesereddit,Japan
missouri,USA
indianpeoplefacebook,India
hardwareswapaustralia,Australia
suomipelit,Finland
japanese,Japan
alexandra007,Egypt
protestcanada,Canada
yemenicrisis,Yemen
mhoiririshtimes,Ireland
alexandria,Egypt
calibrations,Colombia
rosario,Argentina
springfieldor,USA
bikeboston,USA
turkishlearning,Turkey
texasamiibo,USA
finlandconspiracy,Finland
northkoreapics,North Korea
indianafishing,USA
themetropolis,Poland
removekiwi,New Zealand
canadianforces,Canada
yemenconflict,Yemen
startup,Estonia
deathpolka,Poland
bapcsalescanada,Canada
kuwait,Kuwait
todayspropaganda,Uganda
talesfromelite,Italy
britain,United Kingdom
babymetal_japan,Japan
scoutingireland,Ireland
muaythai,Thailand
lowlevelaware,USA
londonontario,United Kingdom
lawcanada,Canada
chicagobeer,USA
columbiyeah,USA
london_business,United Kingdom
britishcommunists,United Kingdom
tajikistan,Tajikistan
lyon,France
londongaymers,United Kingdom
bitcointhailand,Thailand
spanishfootball,Spain
illinoisamiibo,USA
floridastate,USA
wisconsinbeer,USA
justcolumbusthings,USA
calgarymusic,Canada
plazapuertodelrosario,Argentina
amiibocanada,Canada
ualbany,USA
wp_zimbabwe,Zimbabwe
darkmarketsbrasil,Brazil
deepwebbrasil,Brazil
chicagohousing,USA
canadianvanguard,Canada
durban,South Africa
germanfacts,Germany
malaysiawp,Malaysia
sdsouthafrica,South Africa
townofsalemgame,USA
japan_anime,Japan
santafe,USA
visitingiceland,Iceland
belarus,Belarus
britishshowerthoughts,United Kingdom
juneau,USA
fragsplits,Croatia
israelsubredditwatch,Israel
montgomerycountymd,USA
iraniangenius,Iran
koreanbeauty,South Korea
torontoart,Canada
cameronsmemoirs,Cameroon
dutch,Netherlands
texasents,USA
ethiopia,Ethiopia
zambia,Zambia
boise,USA
oregon,USA
washington,USA
germanshills,Germany
littlerock,USA
abolish,Poland
lansing,USA
helpaveteran,Iran
canadianinvestor,Canada
antirandsquad,Iran
oregonamiibo,USA
immigrationcanada,Canada
sdiowa,USA
develeire,Ireland
imaginaryneweden,Sweden
portugalnostalgia,Portugal
nepalearthquake,Nepal
michaeljackson,USA
canadasoccer,Canada
reloadingcanada,Canada
canadahunting,Canada
agentwyoming,USA
atheismindia,India
michiganforsanders,USA
andorra,Andorra
angola,Angola
benin,Benin
danishents,Denmark
socialfrance,France
frenchsubs,France
macedonia,North Macedonia
botswana,Botswana
burkinafaso,Burkina Faso
burundi,Burundi
bitcoinnepal,Nepal
bitcoinsouthafrica,South Africa
asksingapore,Singapore
guessthefrenchmovie,France
melbournefc,Australia
comoros,Comoros
republicofcongo,Congo
djibouti,Djibouti
congo,Congo
minnesotabeer,USA
wonderwoman,Oman
nashvillewhiskey,USA
gabon,Gabon
gambia,Gambia
guineabissau,Guinea
guinea,Guinea
ghana,Ghana
team_usa,USA
japaneseunderground,Japan
fcbasel,Switzerland
topeka,USA
liberationnews,Liberia
riketsverige,Sweden
tokyoghoul,Japan
merdasbrasildiz,Brazil
budapest,Hungary
offdutybraziliancop,Brazil
portugalcaralho,Portugal
qatar,Qatar
serialgrudgematch,Serbia
chinajobs,China
amiibomichigan,USA
koreanadvice,South Korea
escritoresbrasil,Brazil
sierranevada,USA
illinois4sanders,USA
swedents,Sweden
coloradoamiibros,USA
lesotho,Lesotho
serialaftermath,Serbia
malawi,Malawi
mali,Mali
mauritania,Mauritania
mozambique,Mozambique
liechtenstein,Liechtenstein
nomanssky_fanart,Oman
montenegro,Montenegro
liberia,Liberia
brasilbitcoin,Brazil
urbanstudies,South Africa
texasguns,USA
undergroundchicago,USA
namibia,Namibia
niger,Niger
palau,Palau
rwanda,Rwanda
askakiwi,New Zealand
sdkorea,South Korea
iraqconflict,Iraq
northernireland,Ireland
uzbekistan,Uzbekistan
madagascar,Madagascar
norwegianents,Norway
japanleagueoflegends,Japan
australianmilitary,Australia
ohio,USA
capetown,South Africa
canadawhisky,Canada
askboston,USA
tuberlin,Germany
californiaforsanders,Colombia
samoa,Samoa
sierraleone,Sierra Leone
southsudan,South Sudan
senegal,Senegal
somalia,Somalia
minnesota4sanders,USA
honolulu,USA
animalintelligence,Mali
palestineintifada,Palestine
bitrussia,Russia
swissnews,Switzerland
austinscavengers,USA
austinurbex,USA
tennesseeforsanders,USA
newjerseyforsanders,USA
polishedpals,Poland
arkansasamiibo,USA
bitcoin_greece,Greece
eastindiaco,India
minimaluminiumalism,Mali
nomansskytravelguide,Oman
irishpolitics,Ireland
minimalism_jerk,Mali
americanhistoryx,USA
texascountry,USA
texasforsanders,USA
iowaforsanders,USA
koreacirclejerk,South Korea
dvdtestingland,United Kingdom
austincipher,USA
uchicago,USA
learnfrench,France
buttbrigade,Latvia
foodlosangeles,USA
virginiaforsanders,USA
normalideas,Mali
newbrunswickcanada,Canada
gandalfthehobbit,Uganda
danish,Denmark
porto,Portugal
nomansskycirclejerk,Oman
greektraitors,Greece
kansas4sanders,USA
psytrance,France
askaustin,USA
plazavalencia,Venezuela
bergen,Norway
bostonforsale,USA
paoyongyang,North Korea
btcgreece,Greece
croatianmusic,Croatia
kentuckyforsanders,USA
darwinaustralia,Australia
togo,Togo
tonga,Tonga
tuvalu,Tuvalu
turkmenistan,Turkmenistan
uganda,Uganda
vanuatu,Vanuatu
zimbabwe,Zimbabwe
losangelesforsanders,USA
americanpegasus,USA
nipponichi,Japan
startup_ideas,Estonia
maryland4sanders,USA
comanchemj,Oman
yemen,Yemen
atlantaunited,USA
alaskaforsanders,USA
berlinsocialclub,Germany
swissbuyers,Switzerland
tourdefrance,France
mfaindia,India
missouri4sanders,USA
nevada,USA
askamerica,USA
americangovernment,USA
indiangaming,India
knightsofcolumbus,USA
southkorea,South Korea
harrisburg,USA
missouripoliticsalt,USA
tennessee,USA
idaho,USA
floridaman,USA
germanconversation,Germany
southdakota,USA
promethease,Italy
trademark,Denmark
halamadrid,Spain
newyorkforsanders,USA
urbanfantasy,South Africa
canadapoliticsnsfw,Canada
southcarolinaamiibros,USA
arizonajuggalos,USA
calgarycirclejerk,Canada
massachusetts4sanders,USA
montrealcycling,Canada
coloradohikers,USA
belgiummeta,Belgium
israelpalestine,Israel
indianbooks,India
torontorealestate,Canada
kolkata,India
ketojapan,Japan
carcast,Venezuela
riodejaneiro,Brazil
indianaforsanders,USA
salemgame,USA
berensteinconspiracy,Norway
batmanvsuperman,Germany
denvercirclejerk,USA
japannews,Japan
floridakeys,USA
macedoniagreece,Greece
alabamaforsanders,USA
arizonaforsanders,USA
arkansasforsanders,USA
colorado4sanders,USA
newengland4sanders,United Kingdom
delaware4sanders,USA
floridaforsanders,USA
georgia4sanders,USA
hawaiiforsanders,USA
idaho4sanders,USA
chromeforandroid,Italy
louisianaforsanders,USA
michigan4sanders,USA
mississippiforsanders,USA
montana4sanders,USA
nebraska4sanders,USA
nevadaforsanders,USA
newmexicoforsanders,USA
northcarolina4sanders,USA
northdakota4sanders,USA
ohioforsanders,USA
oklahomaforsanders,USA
oregonforsanders,USA
southcarolina4sanders,USA
southdakotaforsanders,USA
utah4sanders,USA
washingtonforsanders,USA
wisconsin4sanders,USA
wyomingforsanders,USA
makeupaddictioncanada,Canada
canadapolitic,Canada
hawaiigardening,USA
oslo,Norway
wyoming,USA
tallahassee,USA
indianleft,India
canadianlaw,Canada
indiandrama,India
ashleymadisonhack,USA
leeds,United Kingdom
serialpodcastorigins,Serbia
chromeapps,Italy
liberalismosocial,Liberia
thisamericanlife,USA
ancientgreek,Greece
circlejerkindia,India
heathen,Greece
germanystudy,Germany
westerns,Western Sahara
turkeysubredditwatch,Turkey
britishrepublicans,United Kingdom
finishthatpicture,Finland
unexpectedpalau,Palau
nocturnalwonderland,Netherlands
texaschl,USA
toontownafterdark,Canada
californiapowers,Colombia
irishproblems,Ireland
alzheimerscanada,Canada
aucklandbaconeaters,New Zealand
thefallenphoenix,USA
vagabond,Gabon
netneutralityindia,India
terrabattle,Morocco
montgomery,USA
midamerican,USA
faroeislands,Faroe Islands
georgiabulldogs,USA
climatechange,Peru
americansocialists,USA
americanobserver,USA
armenianbullshit,Armenia
londonstudents,United Kingdom
theirishleft,Ireland
nationalist,Bolivia
lincolnshire,USA
oklahomaamiibo,USA
centralohiogaming,USA
georgiaforsanders,USA
frugalchicago,USA
thegreekbible,Greece
americanpirateparty,USA
jamaica,Jamaica
britainstaysin,United Kingdom
ohiostatebasketball,USA
japanjobs,Japan
liberal_atheism,Liberia
liberalism,Liberia
austinmusicians,USA
melbourneriders,Australia
desmoines,USA
oregonstate,USA
exmachina,China
vintagejapaneseautos,Japan
debatecanada,Canada
startupgermany,Germany
kazakhstan,Kazakhstan
austinbeer,USA
beijing,China
denverwhisky,USA
brazilianjiujitsu,Brazil
brasildob,Brazil
denmarkforsanders,Denmark
chromeosbetaanddev,Italy
warsaw,Poland
jacksonwrites,USA
downsyndrome,Italy
french_commander,France
mexicocirclejerk,Mexico
virginityexchange,USA
amiiboflorida,USA
kiwitech,New Zealand
namibiaiosdev,Namibia
iranian,Iran
persianhistory,Iran
persianfood,Iran
tehran,Iran
persians,Iran
torontowiki,Canada
usnoisrael,Israel
carinsurance,France
mainindia,India
tasmania,Philippines
salemwitchesinstitute,USA
iowacity,USA
rustatlanta,USA
thejapaneseobjective,Japan
dubaiclassifieds,United Arab Emirates
sverige,Sweden
olimarmains,Peru
aixmarseille,France
andromeda321,Italy
nashvillebuyandsell,USA
danishlanguage,Denmark
texasforclinton,USA
canadaland,Canada
chromeeos,Italy
italia,Italy
canadiansforbernie,Canada
atlantic10,USA
amiibokentucky,USA
srsturkey,Turkey
serbian,Serbia
spanishhelp,Spain
askinsurance,France
saudiarabiaisisis,Saudi Arabia
brasil2,Brazil
zhengzhou_china,China
torontoanarchy,Canada
vacationcolorado,USA
japanesewatches,Japan
churningcanada,Canada
greek,Greece
aarhus,Denmark
australianfascists,Australia
canadacirclejerk,Canada
americanproblems,USA
nailpolish,Poland
oliviathecf,Bolivia
indiamain,India
rolenespanol,Spain
sydneyswans,Australia
fcintermilan,Italy
brasil_drama,Brazil
foleysmaine,USA
serialthunderdome,Serbia
romania_ss,Romania
phoenixgamers,USA
r4rsydney,Australia
chicagofirenbc,USA
london_entrepreneurs,United Kingdom
onetrueamerica,USA
brilliantbritain,United Kingdom
columbuscirclejerk,USA
swissfootball,Switzerland
texastech,USA
r4rbrisbane,Australia
danishsuperliga,Denmark
nashvillecoworking,USA
beermoneyindia,India
californication,Colombia
fessliebrigade,Latvia
ohioents,USA
r4rmelbourne,Australia
francophonie,France
francaiscanadien,France
jezopolis,Poland
destinyclan0bsidian,India
fingdom,United Kingdom
modelaustralia,Australia
frenchforeignlegion,France
mspaintshoops,Spain
suomihajosi,Finland
pureland,Ireland
boisejobs,USA
denverjobs,USA
newengland,United Kingdom
elitedangerousspain,Spain
belgiumcensorship,Belgium
belgiumcirclejerk,Belgium
losangelesrams,USA
nairobi,Kenya
kenyan,Kenya
sealand,New Zealand
montanajobs,USA
denverents,USA
gamingportugal,Portugal
californiahomeloans,Colombia
utahjobs,USA
uofarizona,USA
chaneliman,Peru
montgomerycollege,USA
expatperu,Peru
caligari87,Colombia
indiancinema,India
malifaux,Mali
chinavisa,China
chineselasercutters,China
japaneseresources,Japan
haiti,Haiti
wp_canada,Canada
romanticon,Oman
iranpolitics,Iran
indianporn,India
usa,USA
melbournevictory,Australia
australiangreens,Australia
canadafree,Canada
somaliland,Mali
fenland,United Kingdom
greencanada,Canada
kshootmania,Philippines
bostoncollege,USA
raidbrigade,Latvia
gothenburg,Sweden
canadian_socialism,Canada
dota2brasil,Brazil
august2016bumpers,USA
theamericanmedia,USA
charleston,USA
civconcordia,USA
melbournesocialclub,Australia
bapccanada,Canada
fcporto,Portugal
mspaintmonday,Spain
athensohio,Greece
germanshepherds,Germany
necromancers,Oman
piccolifascidiritaly,Italy
campandhikemichigan,USA
oregontrees,USA
singaporeinashellnut,Singapore
itaglia,Italy
valencia,Venezuela
torontomarlies,Canada
nomansskycrafting,Oman
socialistpartyireland,Ireland
sinnfeinireland,Ireland
theonetruecaliber,Colombia
silphroadukandireland,Ireland
bitcoinmaximalists,Mali
brisbanebroncos,Australia
nomansskymyjourney,Oman
hellscasino,Greece
angryirishreddit,Ireland
ohior4r,USA
indianpeoplequora,India
easterncanadasr,Canada
cultofbakedalaska,USA
americanhistory,USA
arabisraeliconflict,Israel
israelpalestinefacts,Israel
athenecrew,Greece
chinesesoccer,China
koreanmusic,South Korea
prorel4usa,USA
hungryartists,Hungary
americathegreat,USA
ohio_robins,USA
chinesebookclub,China
askaustrianeconomics,Austria
panamapapers,Panama
indianfood,India
silphroadsouthamerica,USA
whatisthispainting,Spain
trackmania,Philippines
r4rindia,India
azerbaijan,Azerbaijan
swisstemples,Switzerland
sydneyindoorsoccer,Australia
anamanaguchi,Panama
tijuana,Mexico
germanicconlangs,Germany
pokemonphoenixrising,USA
modelaustraliahr,Australia
arkansas,USA
qualityassurance,France
lgbtaustralia,Australia
estonian,Estonia
jleague_nihongo,Japan
chicagohouse,USA
hardtrance,France
goa_trance,France
morocco,Morocco
jerseyclub,Jersey
indiadiscussion,India
dutchfire,Netherlands
texasatheists,USA
irelandradio,Ireland
russiawonwwii,Russia
mbbcamerica,USA
perlediritaly,Italy
japaneseporn2,Japan
roman_catholics,Oman
irishpersonage,Ireland
modelindonesia,Indonesia
pbenorway2016,Norway
northwestarkansas,USA
zurich,Switzerland
americaneskimo,USA
spanishhistory,Spain
norwegian,Norway
carsaustralia,Australia
francais,France
indiaspeaks,India
serialloungelizards,Serbia
askswitzerland,Switzerland
fitmelbourne,Australia
japaneseinanime,Japan
kwcanada,Canada
newjerseylibertarians,USA
maniacmansion,Philippines
theredwoman,Oman
indianpolitics,India
unexpectedspringfield,USA
japaneseinanimeforum,Japan
vapecalgary,Canada
americangods,USA
teachinginjapan,Japan
mandaloriansoftexas,USA
timesplitters,Croatia
mellowhongkong,Hong Kong
pitcairnisland,Pitcairn
ankara,Turkey
canadianvapers,Canada
hillaryforamerica,USA
michiganwolverines,USA
romanpaganism,Oman
occupyboston,USA
americanleft,USA
pokecamdrome,Italy
illinoislibertarians,USA
northamerican,USA
torontobiking,Canada
palestinesubwatch,Palestine
china2034,China
irelandpodcasting,Ireland
newyorkcity,USA
canadagunsee,Canada
sizecomparison,France
finishticket,Finland
oregonparksdept,USA
frenchside,France
hampshire,USA
elsalvador,El Salvador
polandballjapanese,Poland
modelraustralia,Australia
thai,Thailand
malestrokingmachines,China
austinmulticopter,USA
pokemongobrisbane,Australia
hawaiivisitors,USA
pokemongocanada,Canada
liberalgunowners,Liberia
modelchina,China
pokemongocharleston,USA
pokemongohawaii,USA
akalimains,Peru
pokemongoconnecticut,USA
madisonwipokemongo,USA
masseffectphoenix,USA
pokemongosweden,Sweden
westerncanadasr,Canada
shitindiansays,India
godenmark,Denmark
pokemongola,Mongolia
thenomansskyexplorers,Oman
pokemongoaustin,USA
pokemongogermany,Germany
pokemongonebraska,USA
pokemongoutah,USA
romanceauthors,Oman
srilanka,Sri Lanka
wisconsingo,USA
pokemongodubai,United Arab Emirates
pokemongosuomi,Finland
montrealgo,Canada
naples_fl,Italy
pokemongo_singapore,Singapore
pokemongoboston,USA
pokemongojapan,Japan
pokemongotoronto,Canada
munich22july,Germany
pokemongobelgium,Belgium
norfolk,Norfolk Island
pokemongonewjersey,Jersey
pokemongolansing,USA
occalipokemongo,Colombia
utahcountypokemongo,USA
healthinsurance,France
pokemongomunich,Germany
1914wasaserbianjob,Serbia
pokemongocalgary,Canada
atlantacirclejerk,USA
pokemongosrilanka,Sri Lanka
pokemongo_thailand,Thailand
columbusgo,USA
pokemongo_minnesota,USA
pokemongoaustria,Austria
pokemongodenver,USA
fuckjuzosakakura,Japan
pokemongolondon,United Kingdom
nomanshigh,Oman
pkgoatlanta,USA
pokemongoindia,India
louisianapokemongo,USA
pokemongophoenix,USA
pokemongoboise,USA
pokemongoperu,Peru
indianents,India
pokemongo_nepal,Nepal
deverror,USA
centralamericasr,USA
pokemongo_bangladesh,Bangladesh
nomansskyfrance,France
pokemongoportugal,Portugal
thenetherlandsfree,Netherlands
necropolis,Poland
canadapublicservants,Canada
pokemongophilippines,Philippines
polish,Poland
ketotoronto,Canada
nomanssky_pc,Oman
mexicanspaceprogram,Mexico
olympics_ja,USA
londonstartup,United Kingdom
xsplit,Croatia
pokemongoturkey,Turkey
japanesestreetwear,Japan
irishnationalism,Ireland
pokemongonorge,Norway
climatestabilization,Peru
tokyo2020,Japan
nomanscry,Oman
explorepakistan,Pakistan
coloradooffroad,USA
canadianfuturistparty,Canada
dutchdrugzsupport,Netherlands
british,United Kingdom
alabamalibertarians,USA
arkansaslibertarians,USA
calibertarians,Colombia
georgialibertarians,USA
kansaslibertarians,USA
louisianalibertarians,USA
nevadalibertarians,USA
charlestonuncensored,USA
libertarianpartyohio,USA
oregonlibertarians,USA
tennesseelibertarians,USA
virginialibertarians,USA
austinpetersen,USA
austrian,Austria
austrian_econ,Austria
rotterdam,Netherlands
shitrportugalsays,Portugal
indiacc,India
leakygutsyndrome,Italy
dirtypenpals_germany,Germany
nomansskymods,Oman
canadasmissing,Canada
atlantafx,USA
typelondon,United Kingdom
trichotillomania,Oman
lincolnpokemon,USA
austrianormarxist,Austria
osaka,Japan
dutchketo,Netherlands
utahfootball,USA
british_tea_company,United Kingdom
twoxindia,India
pokemongonashville,USA
pokemongonewhampshire,USA
chromebooks,Italy
japanesejazz,Japan
climatejustice,Peru
pokemongoarizona,USA
nomansfans,Oman
pokemongolondonca,United Kingdom
urbantees,South Africa
pokemongosacramento,USA
maliciouscompliance,Mali
2016splits,Croatia
legaladvicecanada,Canada
pokemongomanchester,Oman
pyongyangbannedme,North Korea
rokkanoyuusha,Nigeria
nomansskyofftopic,Oman
pokemongo_berlin,Germany
kendra_sunderland,Netherlands
romerules,Italy
irrigation,Latvia
modelmalta,Malta
ask_korea,South Korea
bostonsupperclub,USA
croatianspy,Croatia
pokemongomaine,USA
springy,USA
chinalife,China
norulescalgary,Canada
batonrougednd,USA
nativeamericans,USA
buenosaires,Argentina
italyinformatica,Italy
dawnbrigade,Latvia
aromantic,Oman
shadowobsidian,India
germantrans,Germany
meridian,India
indianreaders,India
corkimains,Ireland
persiflage,Iran
atlantatv,USA
romanian,Romania
minimalist,Mali
pierre,USA
hawaiimaoli,USA
chinesepoetry,China
linuxbrasil,Brazil
frenchhelp,France
ffspiderman,Germany
greececirclejerk,Greece
indianstartups,India
alfaromeo,Italy
middletownohio,USA
pokemongoleedscity,United Kingdom
italylgbt,Italy
calgarytrees,Canada
italianhistory,Italy
consoledealscanada,Canada
boston_celtics,USA
nebraska,USA
american_kenpo,USA
minines,USA
islamforamerica,USA
canadaprivacy,Canada
nomansskysurvival,Oman
nashvillebikes,USA
cumfromanal,Oman
indianfitness,India
israelwatch,Israel
wintarwonderland,Netherlands
italy_ss,Italy
tillsverige,Sweden
augustbumpers2017,USA
china_zh,China
casualpropaganda,Uganda
mcabnormalities,Mali
australianflagchange,Australia
fallenlondon,United Kingdom
richmondhill,USA
canadianmoms,Canada
medicinecanada,Canada
townofsalemranked,USA
socialistamerica,USA
chinesemedicine,China
guyana,Guyana
polandballusers,Poland
theoreticalissuessig,Colombia
sacramentokings,USA
urban420network,South Africa
oregoncoast,USA
italymotori,Italy
legocanada,Canada
skiutah,USA
suomibannatut,Finland
floridar4r,USA
nomanssky_thegame,Oman
netherlands,Netherlands
limerick,Ireland
dnmindia,India
team_phoenix,USA
jamaican_dynamite,Jamaica
turkeyendlessfrontier,Turkey
australianhistory,Australia
bostonbeer,USA
bostonterrier,USA
serialpodcastep13hae,Serbia
torontorevolt,Canada
calicolime,Colombia
chicagoroommates,USA
canadiandaytrading,Canada
youtube_startups,Estonia
ohiodebate,USA
texaskayakfishing,USA
floridasocialists,USA
phoenixr4r,USA
mexico_news,Mexico
bangkok,Thailand
americanbasketballfed,USA
jordanpeterson,Jordan
diablo3necromancer,Oman
prometheusdowngrade,Italy
americansineurope,USA
movingtojapan,Japan
italygames,Italy
loyolachicago,USA
norskfotball,Norway
antarcticanomalies,Antarctica
pokemongoparis,France
gonewildcalgary,Canada
zooolanderconspiracy,Netherlands
radicalization,Colombia
russianpropaganda,Russia
askrussia,Russia
mapswithoutmaine,USA
greenpartyofcanada,Canada
greenpartycanada,Canada
climatemaps,Peru
phoenix1,USA
californialaw,Colombia
italiapersonalfinance,Italy
belgianmalinois,Belgium
zatsudan,Sudan
ourwyominglife,USA
trinidadandtobago,Trinidad and Tobago
puertoricolp,Puerto Rico
texaslibertarians,USA
theukrainians,Ukraine
gaybrosloseweight,Norway
indiancj,India
hawaii50,USA
periapoapsis,Iran
californiasocialists,Colombia
toronto_ru,Canada
kentuckysocialists,USA
socialistsoftexas,USA
neuromancer,Oman
bapcsalesaustralia,Australia
catholicincanada,Canada
oregoneclipse,USA
vincestaples,Italy
russianformalism,Russia
missourigamers,USA
australiasim,Australia
australiasimhouse,Australia
australiasimsenate,Australia
irelandgames,Ireland
tallahasseedandd,USA
wisconsingamers,USA
tampere,Finland
helsinki,Finland
classicalchinese,China
masseffectandromeda,Italy
urban287,South Africa
meandromeda,Italy
finishing,Finland
denversciencemarch,USA
northmelbournefc,Australia
askacanadian,Canada
canadiancannabisdot,Canada
nsfw_korea,South Korea
izmir,Turkey
chinaglass,China
newzanada,Canada
turkishmusic,Turkey
placeireland,Ireland
babymetalespanol,Spain
austriahungary,Austria
epublica,Czechia
guam,Guam
theitalyplace,Italy
swedenonplace,Sweden
americanflaginplace,USA
placecanada,Canada
finlandflag,Finland
techsupporthaikus,Thailand
aboutrcanada,Canada
wohneninberlin,Germany
basilwhite,Brazil
duranduran,South Africa
freeaustralia,Australia
toontownrewritten,Canada
finishmyproject,Finland
bamboozle_insurance,France
asianamericanporn,USA
swissneutralityzone,Switzerland
abudhabi,United Arab Emirates
columbia,USA
asianamericans,USA
jerseycity,Jersey
anormaldayinrussia,Russia
chinadata,China
italiangreyhounds,Italy
babymetaljapanese,Japan
rs2vietnam,Vietnam
irishtourism,Ireland
japanesefood,Japan
franchisedraft,France
utahpolitics,USA
beercanada,Canada
japansports,Japan
jokesaboutgermany,Germany
metatoronto,Canada
incredibleindia,India
newenglandbeer,United Kingdom
derrylondonderry,United Kingdom
enviroment,Italy
canadainpictures,Canada
centralflorida,USA
lefrenchmelee,France
anomaliesunleashed,Mali
mexicoconspiracy,Mexico
oregonstateuniv,USA
lgbtireland,Ireland
chineselaundry,China
americanfootball,USA
civmonaco,Monaco
geneva,Switzerland
urbansurvivalism,South Africa
mspainttouhou,Spain
austinpoker,USA
denvergaymers,USA
shitpolandballsays,Netherlands
liberaldegeneracy,Liberia
boisebike,USA
frenchhouseproduction,France
bitcoinaustralia,Australia
parasitology,Greece
newzealandhistory,New Zealand
astateoftrance,France
brno,Czechia
canadia,Canada
badromance,Oman
dutchhouse,Netherlands
goldamericanssay,USA
republicofindia,India
americanu,USA
georgiatech,USA
chicagofood,USA
operationphoenix,USA
riga,Latvia
americansarecowards,USA
springfieldil,USA
irishleaguefootball,Ireland
monacoismine,Monaco
obsidian,India
bharat,India
mileycyrus,Cyprus
washingtonstatevapers,USA
brigades,Latvia
chicagomotorcycles,USA
irishmusic,Ireland
openaustralia,Australia
thesuperiorspiderman,Germany
atlantathrashers,USA
quadmetacanada,Canada
pentametacanada,Canada
londonvapers,United Kingdom
bestofsweden,Sweden
floridabrew,USA
whataboutamerica,USA
newjerseyfilm,USA
delawareoh,USA
minnesotar4r,USA
voluntaryohio,USA
ohiopolitics,USA
louisianatech,USA
denverbusiness,USA
nsfw_japan,Japan
frenchgirlsapp,France
bitcointoronto,Canada
americanpolitics,USA
richmond,USA
columbusgeeks,USA
dogecoinphilippines,Philippines
snooland,Netherlands
israelexposed,Israel
lanl_spanish,Spain
bostonvapers,USA
northjersey,Jersey
torontorenting,Canada
arkansasjobs,USA
austinrp,USA
texasnorth,USA
believenbc,Belize
australianrugby,Australia
harfordcountymd,USA
leatherman,Germany
tomandnatescirklejerk,Oman
argentinacringe,Argentina
russianstories,Russia
isleofman,Isle of Man
brisbaneroar,Australia
upvotebrigade,Latvia
bostonsports,USA
liberalreality,Liberia
chineseresources,China
guatemala,Guatemala
michiganbeer,USA
sydney_share,Australia
basel,Switzerland
carrollcountymaryland,USA
geneseoillinois,USA
alandislands,Ã…land Islands
nashvillejobs,USA
guangzhou,China
dogecoin_india,India
greekreddit,Greece
montrealmeetup,Canada
germanic,Germany
hamburg,Germany
pyongwashington,USA
olympicarchery,USA
bharatcirclejerk,India
thebritishisles,United Kingdom
liberalarts,Liberia
medicalmarijuana,Mexico
ukandirishbeer,Ireland
littlebritishcars,United Kingdom
americanjewishpower,USA
ohioareabackpacking,USA
universityofkansas,USA
dogecoinbelgium,Belgium
womanontop,Oman
capetowncofc,South Africa
chicagopd,USA
newalbany,USA
dutchposer,Netherlands
badanthropology,Nigeria
lincolndouglas,USA
parastupid,Greece
dogecoinnetherlands,Netherlands
romanceconlangs,Oman
shitnetherlandssays,Netherlands
austinfrugal,USA
australiantv,Australia
kentuckyroutezero,USA
indiandownbots,India
sigmametacanada,Canada
occupylosangeles,USA
southernillinois,USA
calireggae,Colombia
franceskajaimes,France
montpelier,USA
irishpride,Ireland
allsvenskan,Sweden
netherlandsworldcup,Netherlands
kiwiriders,New Zealand
brigade_conspiracy,Latvia
indiancartoons,India
texasleague,USA
serbiagaming,Serbia
runnersinchicago,USA
knashville,USA
irishmusicscene,Ireland
chinabookclub,China
southflorida,USA
dota2india,India
northtexasents,USA
denverlist,USA
continuityrireland,Ireland
edwingustovsyndrome,Italy
misreadfrontpage,Egypt
torontojobs,Canada
anticlimax,Peru
coastalvirginia,USA
everywomanshouldknow,Oman
georgiavapers,USA
bitcoinaustin,USA
louisianafp,USA
amster2,Netherlands
tokyointulsa,Japan
frugalmontreal,Canada
coloradoscene,USA
mensrightsindia,India
denvercomiccon,USA
cringapore,Singapore
indiancommies,India
italianamerican,Italy
genevany,Switzerland
oliviaholt,Bolivia
guanajuato,Guyana
spiderwoman,Oman
hawaiiplantmedicine,USA
irishdance,Ireland
esportsaustralia,Australia
motorcyclewisconsin,USA
istanbul,Turkey
californiadrought,Colombia
munichvr,Germany
torontoward27,Canada
schland,Germany
mammalians,Mali
britishtravelproblems,United Kingdom
sydneygaybros,Australia
gmobrigade,Latvia
easttexas,USA
dota2nepal,Nepal
palestinianconflict,Palestine
jamaicaplain,Jamaica
romanianfootball,Romania
startupcirclejerk,Estonia
lamusicaenargentina,Argentina
cudenver,USA
bestofindia,India
meatacanada,Canada
munchkin,Germany
indianfascists,India
spanishinquisition,Spain
podemosgranada,Canada
irishmusiclive,Ireland
bookmarkinmania,Philippines
lolegypt,Egypt
texasfacts,USA
fairvotecanada,Canada
canadianfootballrules,Canada
svensktdrama,Sweden
thenewbucharest,Romania
delawarepolitics,USA
wtf_florida,USA
delawarent,USA
learnvietnamese,Vietnam
wapanese,Japan
myanmar,Myanmar
hexametacanada,Canada
indiastartups,India
debateisraelpalestine,Palestine
estetica_mexico,Mexico
anberlin,Germany
londonbookclub,United Kingdom
indiakarmaconspiracy,India
saintpaul,USA
carcassonne,Venezuela
winstonsalem,USA
denvermotorcycles,USA
solomon_islands,Solomon Islands
nigeria,Nigeria
chicagogamedev,USA
mexicolindo,Mexico
mspaint,Spain
blackinamerica,USA
argentinacirclejerk2,Argentina
urbanfarming,South Africa
denvervolunteers,USA
politicsindia,India
frugalasvenskar,Sweden
indiansuperleague,India
melbournecreatives,Australia
americanmorality,USA
belgica,Belgium
arizonaunitedsc,USA
footballamerica,USA
caymanislands,Cayman Islands
unitedkingdomx,United Kingdom
manillalice,Philippines
slavaukraine,Ukraine
mesoamerica,USA
emigrate,United Arab Emirates
newzealandfilm,New Zealand
canadapoliticshumour,Canada
richmondkickers,USA
texasdrama,USA
phoenixdawn,USA
coloradovapers,USA
bestofitaly,Italy
cryptoportugal,Portugal
badanalogies,Nigeria
utahvalley,USA
virginiajobs,USA
nsfw_indians,India
indianbabes,India
swedenbroke,Sweden
americanauthors,USA
saltlakecitytech,USA
r4rtoronto,Canada
pinoyprogrammer,Philippines
archeage_phoenixdown,USA
hborome,Italy
virginiapolitics,USA
koreanfilm,South Korea
nativeamericanjoe,USA
mcmexico,Mexico
oldurbanism,South Africa
serialthepodcast,Serbia
gameveteran,Iran
francisedec,France
serialkillerthoughts,Serbia
estoniacanada,Estonia
berenbierbrigade,Latvia
chilecirclejerk,Chile
lgbtmaryland,USA
newyorkknicks,USA
shanghaidickbags,China
seoulfood,South Korea
chromeextensions,Italy
canadianbusiness,Canada
stavanger,Norway
shorthairedhotties,Thailand
canadianfilm,Canada
canadiancannabisopen,Canada
shittingonamerica,USA
chinareports,China
chicksinhockeyjerseys,Jersey
microtia,Croatia
albanyga,USA
subnormality,Mali
opencjaustralia,Australia
gambar2,Gambia
shitmexicosays,Mexico
charlestonjobs,USA
corkyromano,Ireland
bostonvegans,USA
urbanmyths,South Africa
unitedkingdom_nobans,United Kingdom
polishnsfw,Poland
haljordangotsweg,Jordan
vangerd,Norway
irishfilm,Ireland
gibraltar,Gibraltar
siberia,Liberia
badchinese,China
hellskitchen,Greece
gamingmontreal,Canada
chineseseo,China
jeromeboger,Italy
ukraineconflict,Ukraine
chicagococ,USA
bangkokbros,Thailand
newamerica,USA
worstofmspaint,Spain
scalingheights,Colombia
sdboston,USA
ofmontreal,Canada
techiecolorado,USA
americaisbad,USA
chemicalimbalance,Colombia
mcvienna,Austria
columbiners,USA
atlantamusic,USA
yugoslavia,Latvia
canadaproblems,Canada
australianfilm,Australia
nobrigade,Latvia
munichsocialclub,Germany
newenglandcd,United Kingdom
floridapoly,USA
maldives,Maldives
wpaustriahungary,Hungary
swedetzerland,Sweden
alabamatrees,USA
canadacordcutters,Canada
wonderland,Netherlands
belize,Belize
swisshockey,Switzerland
pyongyang88,North Korea
academiccanada,Canada
hellsing,Greece
wisconsinoutdoors,USA
canadianbroadband,Canada
chicagofilm,USA
japanart,Japan
chilecringe,Chile
swissarmyknives,Switzerland
montgomerycollegemd,USA
anarchistpropaganda,Uganda
hawaii2,USA
atlantagaming,USA
alexistexas,USA
anormaldayinnorway,Norway
australianfreespeech,Australia
civkanopy,Nigeria
madeinchina,China
corrupciondemexico,Mexico
middleearthvagabonds,Gabon
richmondbc,USA
eire,Ireland
missouristate,USA
skimaine,USA
vikingdenmark,Denmark
mindovermeta,USA
chicagovape,USA
uglyamericans,USA
elle_alexandra,Egypt
ellealexandra,Egypt
indiancelebs,India
paxromana,Oman
phoenixmoon,USA
therealeastkorea,South Korea
oklahomacity,USA
politicademexico,Mexico
mspaintgods,Spain
blameamerica,USA
ukrainian,Ukraine
thevirtueofignorance,France
turismobrasil,Brazil
caminodesantiago,Chile
indiaunbiased,India
kindrance,France
mexicanfood,Mexico
unitedstatesofamerica,USA
mississippir4r,USA
estoniatmklann,Estonia
italiangaming,Italy
lima,Peru
thenebraskas,USA
cryptoindia,India
nicaragua,Nicaragua
shorthairchicks,Thailand
dogecoinbrasil,Brazil
annapolis,USA
sexysouthafrica,South Africa
timberline,Germany
indianengineers,India
mostcanadiancomment,Canada
northernnewjersey,Jersey
atlanticcity,USA
twomanychromosomes,Oman
bergencommunity,Norway
barbados,Barbados
newjerseyman,USA
salemcounty,USA
amiibocalgary,Canada
sdmichigan,USA
koreanfood,South Korea
medicalillustration,Colombia
fakefinland,Finland
tokyotrials,Japan
greenenergychinaev,China
globalclimatechange,Peru
washingtonwireless,USA
therussianbane,Russia
madisonalabama,USA
columbus_vapers,USA
madison_ivy,USA
sydneyfc,Australia
chicagomeetup,USA
unaustralia,Australia
texasbeer,USA
losangelescirclejerk,USA
dubaiejuice,United Arab Emirates
philippinetrees,Philippines
romanialibera,Romania
chicongo,Congo
unitedstates,USA
indiatalk,India
carsoncity,USA
calgary_2,Canada
oldindia,India
cameroncanada,Canada
britishhorror,United Kingdom
spanishcivilwar1936,Spain
earlyamericancoins,USA
koreanparenting,South Korea
scindianavapers,USA
bostonmeshnet,USA
california_politics,USA
nashvilleevents,USA
entartung,Estonia
shutdownmetacanada,Canada
austinhallofshame,USA
thestompingland,United Kingdom
iamveryheathen,Greece
hetalia,Italy
texassouthern,USA
germanhistory,Germany
anarquistasmexicanos,Mexico
northcharleston,USA
climaterisks,Peru
accidentallyonpurpose,France
bikenewengland,United Kingdom
manseekingwoman,Oman
romega,Italy
japaneseanimation,Japan
palfest,Palestine
frenchielawstudents,France
malepolish,Poland
indialaw,India
ukrainiancirclejerk,Ukraine
australiansport,Australia
andromeda,Italy
pipetobaccoaustralia,Australia
torontocrypto,Canada
frugaleire,Ireland
frenchhistory,France
irishdota,Ireland
becausetexas,USA
columbusit,USA
chinail,China
friendfeed_italiano,Italy
climate_change,Peru
padres_argentina,Argentina
shitargentinasays,Argentina
badancapnobitcoin,Nigeria
lgbtindia,India
upliftingnewsindia,India
francehate,France
urbanexploring,South Africa
truefrance,France
americanleagueeast,USA
canadafilmmakers,Canada
palestinians,Palestine
normaldayinjapan,Japan
chinesepolitics,China
imaginarypropaganda,Uganda
austin_irl,USA
cjofindia,India
norwayonreddit,Norway
antwerpen,Belgium
canadian_news,Canada
canadiansuperpromise,Canada
mexicodf,Mexico
pekinillinois,USA
palestina,Palestine
canadadashcam,Canada
phoenixbattalion,USA
austinpsychfest,USA
indianajones,USA
chileanbackdoorsquad,Chile
torontodriving,Canada
dutchresources,Netherlands
dominica,Dominica
calgarygaming,Canada
calgarydashcams,Canada
danishracism,Denmark
policereformsindia,India
frenchrap,France
washingtonamiibo,USA
americanodyssey,USA
dunedinflorida,USA
letterman,Germany
tanzania,Tanzania
serialreposting,Serbia
kekoslovakia,Slovakia
greekmythology,Greece
universityofchicago,USA
battlebrigades,Latvia
australianaccounting,Australia
netflixaustralia,Australia
southwestkansas,USA
citruscountyflorida,USA
johannesburg,South Africa
indianfootball,India
sweenos,Sweden
concordnh,USA
vapinginphoenix,USA
sexywomanoftheday,Oman
turkuazbandgames,Finland
germanrants,Germany
floridabeer,USA
californiaburrito,Colombia
nashvillebeer,USA
antijapancirclejerk,Japan
starcraftdeutschland,Germany
canadianandroid,Canada
beermoneycanada,Canada
philippinebasketball,Philippines
trueaustralia,Australia
birminghammi,United Kingdom
australiasnow,Australia
vermontbeer,USA
maroc,Morocco
jakarta,Indonesia
austinaztex,USA
shitgermanssay,Germany
burritogonecuddly,Togo
tylertexas,USA
anormaldayinamerica,USA
chinesereddit,China
indialeaks,India
anarchosyndicalism,Colombia
marianastrench,France
ohiomom,USA
italycirclejerk,Italy
graceland,Iceland
atlantatrees,USA
wisconsinforsanders,USA
dogecoinjapan,Japan
londonunderground,United Kingdom
bahamas,Bahamas
civbermuda,Bermuda
denverautoenthusiasts,USA
russianukrainianwar,Russia
asanamerican,USA
lifeinkorea,South Korea
china1984,China
ithappenedinflorida,USA
indianaamiibo,USA
hamilton_ohio,USA
chamberman,Germany
berlinstartups,Germany
aucklanddrinks,New Zealand
unaustralianantarctic,Australia
drugromance,Oman
bermuda,Bermuda
canadianbulls,Canada
portugal2,Portugal
chromeproblems,Italy
islandd,USA
buenosairesbici,Argentina
delawareamiibo,USA
cajunfrench,France
kingdoms,United Kingdom
r4rmontreal,Canada
asswipebrigade,Latvia
frenchproblems,France
portorange,Portugal
chicagoanythinggoes,USA
londonlook,United Kingdom
truebritishpolitics,United Kingdom
bostonpride,USA
singaporecirclejerk,Singapore
gandalf,Uganda
ffaindia,India
connardsdeparisiens,France
japandating,Japan
tomanddan,Oman
polandballbookclub,Poland
indiaunedit,India
thehague,Netherlands
canadahousingbubble,Canada
miran,Iran
austinpowers,USA
cosmoandwanda,Rwanda
russiansontheinternet,Russia
shanghaimusic,China
floridatrail,USA
texashistoryporn,USA
nairobilug,Kenya
paralelnipolis,Poland
newjerseyfreakshow,USA
germanmilitaryorders,Germany
michaeljordan23,Jordan
translatechinese,China
asianamericanissues,USA
bhutan,Bhutan
mongolianhatewatch,Mongolia
californiacannabis,Colombia
tallinn,Estonia
frenchtourist,France
toronto2024,Canada
rome,Italy
austinforsanders,USA
falloutboston,USA
arkansasnews,USA
phoenixupvotes,USA
animeportugal,Portugal
berlinbicycling,Germany
shitrturkeysays,Turkey
elginillinois,USA
romanticasfuck,Oman
newarkohio,USA
russiawarinukraine,Russia
richmond2015,USA
belgiumball,Belgium
oregonpolitics,USA
irishrugby,Ireland
southafricanmusic,South Africa
kodiakanorak,Nigeria
sverigedemokraterna,Sweden
chinaparenting,China
bomberman,Germany
cameroon,Cameroon
basicincomecanada,Canada
toupeeguineapigforvp,Guinea
notbarcelona,Spain
hmusnewengland,United Kingdom
melbournephotography,Australia
brazilistheworst,Brazil
columbusphotography,USA
hellscapeporn,Greece
uichicago,USA
dublincalifornia,Ireland
specificgermanwords,Germany
freezepeachinaction,China
toontown2,Canada
japanesecinema,Japan
briganti,Latvia
weedstartups,Estonia
sverigerunt,Sweden
spacecanada,Canada
canadianpolitics,Canada
americandesi,USA
wtfjapan,Japan
hiphopcanada,Canada
merdeinfrance,France
russianhistory,Russia
american_politics,USA
chesthairporn,Thailand
australiansforbernie,Australia
southkoreanpolitics,South Korea
sacramentoforbernie,USA
startup_de,Estonia
indiapodcast,India
misreadtitles,Egypt
indiapolicy,India
bostonfood,USA
explainusingcunthairs,Thailand
sustainableaustralia,Australia
bostoncomedy,USA
trueshitamericanssay,USA
itsnotalldoomandgloom,Oman
jeffersonparish,France
theamericantaliban,USA
amiibonewmexico,Mexico
chinalaw,China
irishsaltytuna,Ireland
leftintexas,USA
vietnamwarpics,Vietnam
urbanhell,South Africa
chinaexpat,China
norgefornordmenn,Norway
edmontongaming,Tonga
panamacity,Panama
canijuana,Mexico
svenskhistoria,Sweden
banterbrigade,Latvia
rawchicago,USA
americunts,USA
londonirish,Ireland
mymarioman2,Oman
islands,Faroe Islands
liberalsocialjustice,Liberia
boardgamesauckland,New Zealand
amiibo_australia,Australia
aliceinwonderland,Netherlands
serbianman,Serbia
gaybritain,United Kingdom
impostersyndrome,Italy
bestofbrasil,Brazil
freelancing_india,India
germanvideos,Germany
climate_science,Peru
ukrainefootball,Ukraine
imaginarynewnewyork,USA
klimawandel,Peru
texasfavors,USA
libertariangreece,Greece
ohioamiibros,USA
talesoftolerance,France
kyrgyzstan,Kyrgyzstan
japaneseporn,Japan
chinadomination,China
atlantasilverbacks,USA
bdsmboston,USA
graz,Austria
chinabiz,China
lalakingmalibog,Mali
dutchshitonreddit,Netherlands
dutcharegay,Netherlands
nipponkaigi,Japan
coloradocollege,USA
soulcalibur,Colombia
serialseason2,Serbia
chicagohelicopters,USA
suriname,Suriname
gdamania,Philippines
russiangridcoin,Russia
finishinthecomments,Finland
columbusgold,USA
hellabunk,Greece
irishwolfhound,Ireland
acapellas,Greece
georginaholguin,USA
minnesotahiphop,USA
amiibogeorgia,USA
austinclimbing,USA
universityofkentucky,USA
frenchbulldogs,France
america,USA
privacyrus,Cyprus
sverigeskommuner,Sweden
grimerica,USA
francepics,France
oliviamunn,Bolivia
virginiavaping,USA
northernvirginia,USA
illinoispolitics,USA
texaspolitics,USA
scienzaitalia,Italy
polandaccounting,Poland
indiainfrastructure,India
onlyonreddit,France
oberlin,Germany
bgohio,USA
ohiobobcats,USA
ravenna,Austria
pataskala,Greece
limerickcity,Ireland
liberace,Liberia
allrussia,Russia
irishmma,Ireland
fairepublicofireland,Ireland
rtfdenver,USA
denveru,USA
minnesotapolitics,USA
indianademocrats,USA
indianatrees,USA
easternoregon,USA
marylandpolitics,USA
alabamapolitics,USA
waterlooiowa,USA
chromecastgames,Italy
visitcanada,Canada
filmindustrylondon,United Kingdom
koreatech,South Korea
americanairlines,USA
danisnotonfire,Denmark
sasaustin,USA
jacksonms,USA
sloveniabeta,Slovenia
austinstartups,USA
atlantapetrescue,USA
poland_balls,Poland
osrssverige,Sweden
pianoimproman,Oman
virginaustralia,Australia
phoenix_ffxiv,USA
2ndamericancivilwar,USA
britishorapun,United Kingdom
eastatlanta,USA
finegaelireland,Ireland
torrance,France
afk_rotterdam,Netherlands
vietnamese,Vietnam
misreddit,Egypt
serials,Serbia
startupnews,Estonia
coloradomammoth,USA
floridaham,USA
canadianpl,Canada
nevadapolitics,USA
nederlands,Netherlands
calisthenics,Colombia
canadianrunners,Canada
coloradopolitics,USA
milano,Italy
saekano,Nigeria
illinoisforsanders,USA
boycottchina,China
beerkorea,South Korea
cigarscanada,Canada
theamericans,USA
postamericanhistory,USA
rpicanada,Canada
deutsche,Germany
calicosummer,Colombia
melbourneloudnoises,Australia
expatsingapore,Singapore
freemontanaproject,USA
indonesian,Indonesia
garindan,India
serbia_casual,Serbia
bannedfromanime_irl,Oman
greenlantern,Greenland
californiaindian,Colombia
iowa4tomfiegen,USA
urbanism,South Africa
canadianfunkofinders,Canada
indianfetish,India
cubansandwiches,Cuba
xjapan,Japan
jordamn,Jordan
diyfragrance,France
onlyinkenya,Kenya
turkeyhunting,Turkey
hungryforhumor,Hungary
viceland,Iceland
amsterdamuc,Netherlands
silphroadindiana,USA
trumpmichigan,USA
trumpwisconsin,USA
trumputah,USA
pseudochinese,China
bellcanada,Canada
fiaustralia,Australia
silphroadohio,USA
latviajokes,Latvia
liberalmuslim,Liberia
robinsrememberkiwi,New Zealand
growpaganda,Uganda
realmadrid_barcelona,Spain
wisconsinpolitics,USA
atlantabarters,USA
zamaroco,Morocco
coolmachines,China
techshopaustin,USA
franchisetips,France
oekraineukraine,Ukraine
nonaustrianeconomics,Austria
mexicorants,Mexico
midtownatlanta,USA
dualphoenix,USA
panamapapersindia,Panama
cumberland_maryland,USA
trumppennsylvania,USA
trumpcalifornia,USA
norwaypics,Norway
thereportoftheweek,Portugal
canadiantv,Canada
china_news,China
trumpminnesota,USA
romance,Oman
trumpnewjersey,Jersey
progressforamerica,USA
bitcoinvenezuela,Venezuela
ottomanturkish,Turkey
paranormalromance,Oman
antwerp,Belgium
barcelonacomedy,Spain
moscowmaidan,Russia
wisconsinfishing,USA
freespeechinaction,China
garigarikun,Latvia
walkingacrossamerica,USA
startrekgermany,Germany
albanydevils,USA
brisbanejobs,Australia
japan_ja,Japan
israeldefenseforces,Israel
metametametacanada,Canada
identityirelandforum,Ireland
newdelhi,India
canadashoppingdeals,Canada
charlestonbattery,USA
midnighttexas,USA
urbanagriculture,South Africa
swedenborg,Sweden
talesfromems,Italy
kawaiipiranha,Iran
suiseki,Switzerland
startup_marketing,Estonia
gayjapan,Japan
usa_wall,USA
comedynecromancy,Oman
concordiaofthesnows,USA
sexykoreangirls,South Korea
hillary_for_america,USA
lincolnmotorco,USA
succubae,Cuba
mongolian,Mongolia
badnecromancy,Oman
austriansports,Austria
ahsbrigadewatch,Latvia
universityofauckland,New Zealand
ohioexploration,USA
odense,Denmark
meincanada,Canada
japanwomensvolleyball,Japan
slovenija,Slovenia
southkorean,South Korea
cheyenne,USA
organicmarijuana,Mexico
augustames,USA
independentlondon,United Kingdom
butanevaporizers,Bhutan
eastrome,Italy
icelandbestlandfc,Iceland
urbanhomestead,South Africa
unexpectedoverwatch,USA
china5000,China
novorossiya,Russia
pokemongotexas,USA
pokemongocolorado,USA
springfieldtbirds,USA
chinesecoins,China
modernchinesecoins,China
pokemongoaustralia,Australia
holdmyturban,South Africa
vendingmachines,China
pokemongoalabama,USA
pokemongomontreal,Canada
emoticongore,Congo
pokemongofrance,France
valorofdesmoines,USA
uberatlanta,USA
serialnexoffenders,Serbia
veqqfragtdeutschland,Germany
mysticofdesmoines,USA
nebraskamystics,USA
accidentalboobgrazes,Austria
somaliandebateteam,Somalia
pokegodublin,Ireland
pokemongobergen,Norway
mirandakerr,Iran
pokemongospain,Spain
utahsongwriters,USA
pokegosalem,USA
pokemongomoscow,Russia
pokemongoluxembourg,Luxembourg
instinctlondon,United Kingdom
pokemongo_hongkong,Hong Kong
pokemongoberlin,Germany
pokemongocalifornia,USA
instinctcalifornia,USA
dcfrenchstudent,France
irelandtelevision,Ireland
russiatoday,Russia
torontourbanfishing,Canada
instincthawaii,USA
phoenixframework,USA
theamericas,USA
american_history,USA
immigrazione,Austria
tallahasseepokemongo,USA
modelrussiapress,Russia
irelandjournalism,Ireland
ethipianfood,Ethiopia
haitian_culture,Haiti
nomansskyleaks,Oman
ouramerica,USA
dominoesandmachines,China
romancenovels,Oman
valorlosangeles,USA
rborussiadortshitpost,Russia
paidrussiantrolls,Russia
iowahunting,USA
malaise,Malawi
lithuaniaspheres,Lithuania
motomontreal,Canada
indianredpillers,India
floridagarden,USA
indianfeminism,India
facebookitalia,Italy
russiahate,Russia
boston_running,USA
nomansfreud,Oman
france_apolitique,France
bestkorea,South Korea
crimeinchicago,USA
nomansskyanimals,Oman
butsurigaku,Latvia
butthurtamericans,USA
nomansskymultiplayer,Oman
shitindianssay,India
pokemongoireland,Ireland
nomansskyporn,Oman
pokemongopakistan,Pakistan
pokemongodelaware,USA
veganincanada,Canada
cryptomancer,Oman
shittyaskjapan,Japan
nomansskynl,Oman
mukhabarat,India
brigaded,Latvia
betacanada,Canada
kentuckyfuturistparty,USA
frenchimmersion,France
picturesofireland,Ireland
weareindia,India
bandsofamerica,USA
shitindianssayonline,India
canadiangreenparty,Canada
travelsinindia,India
nashvillemusicians,USA
torontocirclejerk,Canada
srscanada,Canada
tunatogo,Togo
springfield,USA
svenskapoddar,Sweden
isleofmanphotos,Isle of Man
beautifulindia,India
jacksonhole,USA
brigadesrs,Latvia
motoireland,Ireland
perlediperlediritaly,Italy
beerjapan,Japan
believable,Belize
audiotapemachines,China
backpropaganda,Uganda
solarnevada,USA
shittylosangeles,USA
londongastronauts,United Kingdom
bostonseddit,USA
netflixjapan,Japan
new_weird_america,USA
andromedacirclejerk,Italy
lgbt_de_argentina,Argentina
iowagamers,USA
universityofmalta,Malta
cameronsshit,Cameroon
finnishgendercritical,Finland
new_hampshire,USA
arizonapolitics,USA
helena,USA
japanesecars,Japan
calipygian,Colombia
yummykorearh,South Korea
bicyclehawaii,USA
californiapics,Colombia
polishdiaspora,Poland
wisconsinpaddles,USA
occupycolumbus,USA
prometheus,Italy
tilinindia,India
liberalviolence,Liberia
washingmachines,China
badbritishflags,United Kingdom
papuanewguinea,Guinea
minnesotalibertarians,USA
extremejapangigs,Japan
occupyaustin,USA
pingpyongyang,North Korea
bismarckhq,USA
azad_pakistan,Pakistan
liberalpolitics,Liberia
torontogaymers,Canada
sloveniapics,Slovenia
hawaiidocumentary,USA
deutschland83,Germany
federalindianlaw,India
cubase,Cuba
freehawaii,USA
toomanypillows,Oman
americanindian,USA
coeursbrisesdefrance,France
italianamateurs,Italy
imustleaveamerica,USA
japanhowdoilife,Japan
larryfisherman,Germany
newschina,China
floridapolitics,USA
escapefromnewyork,USA
suddenlyspanish,Spain
idaholibertarians,USA
wtf_china,China
coloradolibertarian,USA
riversoflondon,United Kingdom
wisconsinman,USA
northcarolinapolitics,USA
virginislands,USA
texashistory,USA
mexicosincensura,Mexico
yescalifornia,USA
frenchwestindies,France
mexicanjesus,Mexico
momoland,Netherlands
illinoissocialists,USA
eastlansing,USA
mainelibertarians,USA
thailandnews,Thailand
arizonalibertarians,USA
northamerica,USA
italymeltdown,Italy
denverfood,USA
karmarussianroulette,Russia
nomansskyships,Oman
chinafinance,China
liberalfeminism,Liberia
eisenbahnromantik,Oman
take_back_america,USA
californiagreenparty,Colombia
anarcho_syndicalism,Colombia
meinmeincanada,Canada
cbc_canada,Canada
climatehoax,Peru
billyonthestreet,France
chinauncensored,China
historyofaustria,Austria
montserratdiying,Montserrat
micromanufacturing,Oman
swissproblems,Switzerland
giordanoforvermont,USA
economiaitaliana,Italy
chicagoaeroplanes,USA
lanl_french,France
chinaart,China
butthurtcanada,Canada
brazilorrussia,Russia
hungryhungryhumans,Hungary
totallynotamerican,USA
australiansocialism,Australia
indianmongering,India
datawithoutgreenland,Greenland
mapswithnojersey,Jersey
justarmpithairthings,Thailand
malibu,Mali
shittymspaint,Spain
chinesehoax,China
uttambharat,India
utahforsanders,USA
realfinlandconspiracy,Finland
nomansskybases,Oman
definitelynotrussians,Russia
altrightcanada,Canada
americanfoodporn,USA
buyersagentmelbourne,Australia
ketoendurance,France
vermontijuana,Mexico
germany_,Germany
berlintruckattack,Germany
liberal_logic_101,Liberia
the_doland,Netherlands
nashvillerescue,USA
cuba_opens,Cuba
china2020,China
indianconspiracies,India
canadiansammy,Canada
keithellison,Portugal
melbournecity,Australia
normaldayinrussia,Russia
alexandriadeberry,Egypt
northcarolinafc,USA
turkish,Turkey
britishideas,United Kingdom
irishpersonalfinance,Ireland
pulaskikentucky,USA
esteban_santiago,Chile
abelladanger,Greece
mayorsofcanada,Canada
shittyamericanrecipes,USA
mainecoon,USA
trumpandrussia,Russia
realpoliticalintrigue,Colombia
atlantafood,USA
mapswith2newzealands,New Zealand
startup_blogs,Estonia
musicaenespanol,Spain
ashleyalban,USA
specialagentutah,USA
makeamericagreatagain,USA
notanitalianflag,Italy
serbianfilm,Serbia
polkadotstingray,Poland
odenseboldklub,Denmark
japangamers,Japan
greenland,Greenland
shittychicagomemes,USA
singaporefi,Singapore
helloanddubai,United Arab Emirates
mapswithouttasmania,Philippines
portofpain,Portugal
calix,Colombia
dnainfochicago,USA
bitcoin_singapore,Singapore
chicagoviolence,USA
askitaly,Italy
romaniacs,Romania
canadaweedstocks,Canada
irishfoodies,Ireland
americancaste,USA
splittermond,Croatia
48statesofamerica,USA
melbournehigh,Australia
liberalregressives,Liberia
todayireland,Ireland
torontorevoltrevolt,Canada
liberalstupidity,Liberia
japangigs,Japan
sacramentopede,USA
brainwashedamerica,USA
americanstasi,USA
strangesouthafrica,South Africa
paxbhutannica,Bhutan
springfieldarmory,USA
czechthis,Czechia
bitcoinscaling,Colombia
auburncalifornia,USA
calistoga,Colombia
atlantahox,USA
torontouncucked,Canada
japaneseuncensored,Japan
turkishcirclejerk,Turkey
thaiforest,Thailand
thedustin,USA
opticalillusions,Colombia
southamerica,USA
mapswithouticeland,Iceland
totallynotcanadians,Canada
csgoportugal,Portugal
doctorsofindia,India
liberalbias,Liberia
jerseysmarket,Jersey
hungaryforpower,Hungary
aikorea,South Korea
wisconsin_writers,USA
brasil_reflexivo,Brazil
ahfforamerica,USA
chinesecrested,China
vocalists,Colombia
russiangirls,Russia
hangzhou,China
calgarytransit,Canada
wholesomefloridaman,USA
pakistansuperleague,Pakistan
the_roman,Oman
venezuela,Venezuela
kallmann_syndrome,Italy
portugalonreddit,Portugal
irvingtexas,USA
frugalcanada,Canada
melbournestorm,Australia
indiansgonewild,India
argentinasubcampeon,Argentina
chicago_meetup,USA
dwmcalileyauthor,Colombia
floridawoman,USA
nocontextroman,Oman
videogamedealscanada,Canada
phoenixmoto,USA
the_iowa,USA
badnepaliflags,Nepal
indianbands,India
jugoslavija,Latvia
makenashville,USA
jordan_peterson_memes,Jordan
breadmachines,China
columbusmusic,USA
newyorkpizzabestpizza,USA
portofdandong,Portugal
russialago,Russia
ottoman,Oman
split,Croatia
hartfordwolfpack,USA
onverwachtnederlands,Netherlands
brasilonreddit,Brazil
portugalrpg,Portugal
irelandgaming,Ireland
the_donald_texas,USA
memexico,Mexico
badunitedkingdom,United Kingdom
northfloridagardening,USA
placefrance,France
futthedutchies,Netherlands
floridagardening,USA
italygastronomia,Italy
madisonivy,USA
russiaclan,Russia
urbangop,South Africa
hellkorea,South Korea
indianpeoplereddit,India
polkadot_io,Poland
sdaustin,USA
americancrimestory,USA
doverhawk,USA
eromangasensei,Oman
columbo,USA
atlantis,USA
italycalcio,Italy
texastsaalumni,USA
obamalies,Mali
americanstats,USA
usa_irl,USA
hongkongstrong,Hong Kong
nebraska_wesleyan,USA
toefl_in_china,China
kekistan,Uzbekistan
eesticsgo,Estonia
new_american_system,USA
canadianhistory,Canada
atlantaweddings,USA
caldoverde,USA
rijeka,Croatia
jerusalem,Israel
israelhasbarawatch,Israel
carrolltongeorgia,USA
italian,Italy
francecode,France
dawnofandromeda,Italy
brigadingsubsinaction,Latvia
norussiansorliberals,Russia
australiaright,Australia
fellowfrenchmen,France
shitriowasays,USA
braille,Brazil
schweiz,Switzerland
frenchelectro,France
lasseireitei,Ireland
chromehenge,Italy
newyorkdoges,USA
chromemasterrace,Italy
talesofatlantanights,USA
coloradommj,USA
laderagranola,Angola
archivecanada,Canada
pyongyang,North Korea
venezuelancrisis,Venezuela
nederland,Netherlands
chromanauts_eternal,Oman
whereinmontreal,Canada
denvergardener,USA
chiangmaithailand,Thailand
mexico_vip,Mexico
chromeclan,Italy
nomanssky,Oman
swedenmap20hcf,Sweden
chicagosports,USA
pinoytv,Philippines
spanishmeerkat,Spain
dogejapan,Japan
newaugustasenate,USA
wellingtoneating,New Zealand
danishdragon,Denmark
excaliburszonegaming,Colombia
sydneytrees,Australia
theoryofpropaganda,Uganda
hungrygames,Hungary
wichitalan,Italy
swisstonbrewingco,Switzerland
cleanindiawiki,India
londonsocialjamclub,United Kingdom
perupics,Peru
minnesotagpro,USA
chinapics,China
redonia,North Macedonia
bostonrss,USA
polandpolska_gulag,Poland
olympianregion,USA
nepalimovies,Nepal
australiapics,Australia
cleanindia,India
hamster,Netherlands
hollandmichigan,Netherlands
masmadrid,Spain
columbiasc,USA
askisleofman,Isle of Man
atlantafalcons,USA
caricature_japan,Japan
mexicocity,Mexico
polandballart,Poland
fireflyonline,France
japaneseinthewild,Japan
greeklife,Greece
radicalcanada,Canada
orgonite,USA
newhampshire4sanders,USA
rhodeisland4sanders,USA
connecticut4sanders,USA
kansasforsanders,USA
marxistpalestine,Palestine
legalizemaine,USA
londonreal,United Kingdom
fifaireland,Ireland
americanwizardryrp,USA
marideit,Spain
montrealmusic,Canada
modelrussiagov,Russia
modeldprk,North Korea
ethiopiapics,Ethiopia
utahriders,USA
italycomments,Italy
huntsvilletexas,USA
germanmusicals,Germany
tokyojobs,Japan
religioninamerica,USA
utahradicals,USA
natorussianconflict,Russia
urbangardening,South Africa
serialpodcasts2,Serbia
lostpetssouthafrica,South Africa
purplephoenix,USA
girlsindiapers,India
toastoflondon,United Kingdom
japanesemusicawards,Japan
rochester_americans,USA
atlantaweather,USA
germanproblems,Germany
polandballgifs,Poland
japanpornstars,Japan
necromancy,Oman
phoenixfirerp,USA
nbajerseyexchange,Jersey
captainamerica,USA
johnfetterman,Germany
romancedawn,Oman
velodrome,Italy
crikeycameron,Cameroon
batman_v_superman,Germany
imagesoffrance,France
newromerp,Italy
dutchproblems,Netherlands
dubairealestate,United Arab Emirates
indianiggirls,India
climatecmv,Peru
imagesofnorthcarolina,USA
imagesoftexas,USA
totallytennessee,USA
devoted_riyadh,Saudi Arabia
romanticism,Oman
francelebolchevik,France
occupiedpalestine,Palestine
suomisenttaa,Finland
japanesehiphop,Japan
vagabondmanga,Gabon
montrealrad,Canada
swedishrecipes,Sweden
californiavotecount,Colombia
jeffersoncity,USA
projectgorgon,USA
battlemaison,USA
researchchemsamerica,USA
goodartvsmspaint,Spain
modelcuba,Cuba
valorofboston,USA
pokegodenverinstinct,USA
indianrightwing,India
pokemongoauckland,New Zealand
olympiclive,USA
openbostoncitycouncil,USA
nomansskythegamepc,Oman
startupcanada,Canada
concordiajustice,USA
nashvillefc,USA
modeliraq,Iraq
fuckingmachines,China
imagesofspain,Spain
indiansports,India
bostonindie,USA
insurancecanada,Canada
veganinjapan,Japan
imagesofnewyork,USA
londonr4r,United Kingdom
churning_canada,Canada
videogamscanada,Canada
hungrylips,Hungary
easy_french,France
climatepatch,Peru
mfmsizecomparison,France
kualalumpur,Malaysia
serialdiscursion,Serbia
cigarboxsplits,Croatia
shorthairedwaifus,Thailand
americorps,USA
raleighrooms,USA
readersofjerusalem,USA
fiji,Fiji
nimbleamerica,USA
ketoslowcooking,Norway
vienna,Austria
imagesofcanada,Canada
czechoslovakia,Czechia
greaterhongkong,Hong Kong
texasfishing,USA
georgiacampandhike,USA
dnmarket_moves,Denmark
chinafuturism,China
roughanal,Ghana
japanese_idols,Japan
pokemongobangkok,Thailand
olympicgamesbids,USA
modelaustraliacomlaw,Australia
chicagosunauto,USA
finnishdude101,Finland
imagesofaustralia,Australia
hongkongmusic,Hong Kong
fromeggtowyrm,Italy
indianteens,India
canadaredacted,Canada
comandarr,Oman
emrnorway,Norway
madisondeck,USA
nmmusicindia,India
chicagowolves,USA
calipedes,Colombia
modernromantics,Oman
virginiacavalry,USA
austingaymers,USA
trueitaly,Italy
phoenixwright,USA
indianjobs,India
britishkent,United Kingdom
universityofvermont,USA
yeoman,Oman
kayaktexas,USA
francesinhas,France
nsfw_china,China
germanpractice,Germany
japanesepussy,Japan
chromanewsnetwork,Oman
dansyndrome,Italy
turkishfootball,Turkey
indianautos,USA
ethopians,Ethiopia
photomanipulation,Oman
brisbanemtb,Australia
chilents,Chile
crhcanada,Canada
americanbully,USA
dogemania,Philippines
dogestartups,Estonia
universityofmontana,USA
believetv,Belize
montrealjobs,Canada
chinaside,China
illinoisccw,USA
madisonpics,USA
periopolis,Poland
bitcoinsuomi,Finland
metrolosangeles,USA
srsaustralia,Australia
salemtv,USA
allabouthairloss,Thailand
hashtagindia,India
melbournejobs,Australia
drawmelikefrenchgirls,France
delawarecounty,USA
nflaustralia,Australia
queensoflondon,United Kingdom
atlantameshnet,USA
northernnevadavapers,USA
dogekorea,South Korea
american_tv,USA
westsydney,Australia
startupparadise,Estonia
californiadisasters,Colombia
austinbtc,USA
officialimaginaryjack,Peru
irishyoutubers,Ireland
missamerica,USA
incrediblepakistan,Pakistan
bitcoinstartups,Estonia
paleoclimate,Peru
fishingcanada,Canada
connecticutkayakers,USA
umaine,USA
abe_lincoln_fanfic,USA
olympia_court,USA
russianimmersion,Russia
vrpolska,Poland
indiangirls,India
paristravelguide,France
indiandefense,India
toontowninfinite,Canada
japangamecollecting,Japan
irishvideoproduction,Ireland
bostontickets,USA
unitedstatessenate,USA
l_rufus_californicus,Colombia
denvermeshnet,USA
bostonmusic,USA
ukrainianlanguage,Ukraine
aboutchinesejerseys,Jersey
finechina,China
londonfootballmeetup,United Kingdom
irishdesign,Ireland
ukrainianwar,Ukraine
iranianmusic,Iran
krussianspaceprogram,Russia
nashvillesounds,USA
moonshinemetropolis,Poland
hellscreamwow,Greece
brazilianmusic,Brazil
startupit,Estonia
koreanhistory,South Korea
whitneywisconsinsub,USA
koreanterran,South Korea
swedenpics,Sweden
betterpositiveindia,India
antarcticapics,Antarctica
parisbookx,France
grecoromanpaganism,Oman
californiabeer,Colombia
austinmeshnet,USA
basicincomeireland,Ireland
aidorujapaneseidols,Japan
dublinohio,Ireland
libyancrisis,Libya
amiiboohio,USA
tokyoseddit,Japan
bitcoinsaltlakecity,USA
copaamerica,USA
bestoffrance,France
bromeliad,Italy
greenwisconsin,USA
mchinagov,China
renderman,Germany
zagreb,Croatia
ouraustralia,Australia
jerseycityboardgames,Jersey
canadabasketball,Canada
wethotamericansummer,USA
randomactsofchinese,China
paddlecalifornia,USA
anormaldayinjapan,Japan
nomansskyforum,Oman
splitstuck,Croatia
lakezurichil,Switzerland
torontofood,Canada
chicagomesh,USA
bargainsinireland,Ireland
canadianhardwareswap,Canada
kamasiwashington,USA
japanplaces,Japan
republicofcanada,Canada
capetownkinks,South Africa
ethiopianfood,Ethiopia
petersburgva,Russia
gtaorrussia,Russia
nebraskabeer,USA
whiteheathen,Greece
redditbrigadelounge,Latvia
canadiangraffiti,Canada
austinevents,USA
franchise,France
austinpetlostandfound,USA
arizonawildcats,USA
pokerstaples,Italy
chicagomed,USA
brasilia,Brazil
fightingirishfootball,Ireland
imagesofillinois,USA
franceliberale,France
imagesofyemen,Yemen
parassuomi,Finland
chicagoteachers,USA
brasil3,Brazil
gamledanmark,Denmark
diyjapan,Japan
toontownsfunnyfarm,Canada
dudesindiapers,India
mensrightsaustralia,Australia
calibre,Colombia
italianfood,Italy
alaskaoddities,USA
columbusga,USA
startupphilosophy,Estonia
dutchboardgames,Netherlands
kenyanews,Kenya
imagesofbelgium,Belgium
alexandradaddario,Egypt
makeinindia,India
birminghamal,United Kingdom
guamforsanders,Guam
trumpconnecticut,USA
ukrainetoday,Ukraine
askargentina,Argentina
puertoricotravel,Puerto Rico
chinatownwars,China
imagesofbrazil,Brazil
my_anguilla,Anguilla
jermahathair,Thailand
cutekorean,South Korea
irishproperty,Ireland
universityofphoenix,USA
trumpcolorado,USA
germanpuns,Germany
russiandefense,Russia
imagesofindia,India
canadiancoins,Canada
columbine,USA
americanamusic,USA
bangkokproperty,Thailand
imagesofcalifornia,USA
melbourneman,Australia
fishingaustralia,Australia
imagesofarizona,USA
freemspaint,Spain
magnabritain1,United Kingdom
indianoceanislands,India
thestavangerstoner,Norway
britishproblemsuccess,United Kingdom
captain_america_,USA
canadianyoutubers,Canada
imagesofrussia,Russia
rcigarscanadabz,Canada
germanyusa,Germany
learnlatvian,Latvia
urbanmycologyberlin,Germany
japaneseasmr,Japan
imagesoflouisiana,USA
thetechnomancer,Oman
deutschestartups,Estonia
pokemongoathens,Greece
isleofmanradio,Isle of Man
britishpornstars,United Kingdom
mississippistate,USA
internetbrasil,Brazil
remembersainthelena,USA
pokemongohongkong,Hong Kong
normaldayinsweden,Sweden
pokemongobrasil,Brazil
austinaugie,USA
frenchtwinks,France
colombianas,Colombia
georgiadualsporting,USA
lifeinsurance,France
freethinkingcanadians,Canada
blockchainstartups,Estonia
artebrasileira,Brazil
bioware,USA
imagesofnewzealand,New Zealand
newzealandmediasucks,New Zealand
chromeosusers,Italy
wepakistan,Pakistan
danishlaw,Denmark
like_usa,USA
visavietnamonlines,Vietnam
imagesofflorida,USA
urbandictionary,South Africa
nbajersey,Jersey
losangelesmusic,USA
chevycolorado,USA
beginningchinese,China
imagesofmichigan,USA
imagesofcolorado,USA
paddlewisconsin,USA
irishdaymanssub,Ireland
chinaspace,China
imagesofnewhampshire,USA
imagesofwestvirginia,USA
imagesofwashington,USA
imagesoforegon,USA
imagesofchina,China
indiamodelpress,India
imagesofvermont,USA
imagesoficeland,Iceland
chinesearenafootball,China
imagesofhawaii,USA
newenglandwedding,United Kingdom
bostonedm,USA
britisharmy,United Kingdom
imagesofwyoming,USA
madisonmusic,USA
imagesofjapan,Japan
providencegroup,USA
imagesofutah,USA
imagesofengland,United Kingdom
canadianmusic,Canada
imagesofnetherlands,Netherlands
netherlandspics,Netherlands
jeremyolander,Netherlands
bangkokpostauto,Thailand
nomansskyfoundation,Oman
imagesofafghanistan,Afghanistan
politicalrevcanada,Canada
indiapolitical,India
imagesofmaine,USA
dankofamerica,USA
the_italia,Italy
imagesofmexico,Mexico
westernsahara,Western Sahara
imagesofvirginia,USA
modernpropaganda,Uganda
canadatalkspolitics,Canada
imagesoftoronto,Canada
lifeinjapan,Japan
singaporefinance,Singapore
montreal_vapers,Canada
enghentai,Belgium
startupscroatia,Croatia
chicagoparents,USA
portugalgaming,Portugal
imagesofiran,Iran
imagesofminnesota,USA
imagesofromania,Romania
imagesofmississippi,USA
gostartupindia,India
romaniaporn,Romania
imagesofmissouri,USA
italyphotos,Italy
imagesofwisconsin,USA
militarymachines,China
funnyjapan,Japan
askjapan,Japan
newportor,Portugal
georgiajones,USA
frenchtech,France
australiangovtfails,Australia
imagesofsouthcarolina,USA
mirandacosgrove,Iran
sydneysierota,Australia
imagesofnevada,USA
girlgamersaustralia,Australia
roughromanmemes,Oman
mobilecanada,Canada
louisianajobs,USA
imagesofhongkong,Hong Kong
fromprussiawithlove,Russia
souvenirsfromjapan,Japan
westjordanut,Jordan
roastmystartup,Estonia
imagesofkentucky,USA
londonpics,United Kingdom
lincoln_automotive,USA
imagesofnorway,Norway
chicagoenvironment,USA
lostpetsraleigh,USA
alaskafilmnet,USA
milanavayntrub,Italy
imagesofnewmexico,Mexico
iranianatheists,Iran
hungrybutts,Hungary
mspaint3d,Spain
veganpanama,Panama
esistohio,USA
lostpetsdenver,USA
imagesofmontana,USA
imagesofchile,Chile
washingtonearthporn,USA
imagesofgeorgia,USA
brailleskateboarding,Brazil
youtubestartups,Estonia
imagesofalabama,USA
phoenixpoint,USA
imagesofiowa,USA
otakusinindia,India
wheatens,Greece
alaskabeer,USA
imagesofindiana,USA
deathroadtocanada,Canada
twoxjapan,Japan
martinique,Martinique
placetexas,USA
legaladviceireland,Ireland
viktardforamerica,USA
imagesofsingapore,Singapore
thailandbuscrash,Thailand
imagesofperu,Peru
chinascamcentral,China
xsplitofficial,Croatia
liberals,Liberia
northbergen,Norway
imagesofarkansas,USA
greekgodx,Greece
