subreddit,sport
collegebasketball,Basketball
luciddreaming,eSports
mma,Combat Sports
xcountryskiing,Winter Sports
gophersports,Sport
hockey,Hockey
basementboardgames,Sport
nba,Basketball
nfl,American Football
soccer,Soccer
running,Running
srsgaming,eSports
bicycling,Cycling
mls,Soccer
gaming,eSports
footballhighlights,Soccer
baseball,Baseball
indiegaming,eSports
hockeygtt,Hockey
busking,Winter Sports
civtransportmap,Sport
oaklandathletics,Sport
autodetailing,Aquatics
starcraft,eSports
aleague,Soccer
hockeygamerecaps,Hockey
hockeygamegifs,Hockey
boardgames,Sport
fantasyfootball,Soccer
rockets,eSports
leagueoflegends,eSports
fpvracing,Motorsport
cricket,Cricket
karate,Combat Sports
simpleliving,Aquatics
golf,Golf
advancedrunning,Running
socalhiking,Hiking
dota2,eSports
bjj,Combat Sports
fifaclubs,Soccer
baseballcirclejerk,Baseball
hiking,Hiking
formula1,Formula 1
ldnamateurcricketclub,Cricket
boxing,Combat Sports
amateur_boxing,Combat Sports
macfootball,Soccer
dumpsterdivingfinds,Aquatics
helpwithvideogames,Sport
elgatogaming,eSports
iosgaming,eSports
baseballtradedeadline,Baseball
argaming,eSports
fsusports,Sport
getgrowing,Aquatics
cycling,Cycling
giftofgames,Sport
civhybridgames,Sport
portsmouth,Sport
rocketleaguefriends,eSports
campingandhiking,Hiking
sports,Sport
nfl_draft,American Football
aacricketclub,Cricket
hockeycirclejerk,Hockey
powerlifting,Fitness
hockeymockdrafts,Hockey
sportsfannews,Sport
wildhockey,Hockey
nhl,Hockey
ussoccer,Soccer
gamingcirclejerk,eSports
gamingkc,eSports
overwatch,eSports
hoarding,Winter Sports
runningcirclejerk,Running
gamingsuggestions,eSports
bestofreports,eSports
nmsportals,Sport
truegaming,eSports
barstoolsports,Sport
handball,Handball
athlone,Aquatics
retrogaming,eSports
wec,Motorsport
indycar,Motorsport
formulae,Formula 1
motogp,Motorsport
skiing,Winter Sports
gaming_illuminaughty,eSports
naslsoccer,Soccer
esports,eSports
hockeydesign,Hockey
usahockey,Hockey
rugbyunion,Rugby
jaxgaming,eSports
wargames,Sport
stopgaming,eSports
surfing,Aquatics
cfl,American Football
basketball,Basketball
cyclingmsp,Cycling
lsufootball,Soccer
divigations,Aquatics
megaming,eSports
nongolfers,Golf
soccercirclejerk,Soccer
starcraftcirclejerk,eSports
soccernerd,Soccer
fieldhockey,Hockey
marathi,Running
portsmouthnh,Sport
hockeygoalies,Hockey
wichita_gaming,eSports
futbolmx,Soccer
discgolf,Golf
simracing,Motorsport
unicycling,Cycling
cadskireports,eSports
publictransportnl,Sport
ilovemnsports,Sport
sportster,Sport
neuroscience,Soccer
climbing,Climbing
bicyclingcirclejerk,Cycling
dota2circlejerk,eSports
hitchhiking,Hiking
internationalhockey,Hockey
mlb,Baseball
bodybuilding,Fitness
worldcup,Sport
gamesito,Sport
futebol,Soccer
dualsport,Sport
eurosceptics,Soccer
soccercaralho,Soccer
basketballcoach,Basketball
gamestop,Sport
tennis,Tennis
womenssoccer,Soccer
rocketleague,eSports
baseballoffseason16,Baseball
pcgaming,eSports
literallyorwell,Motorsport
parliamodicalcio,Soccer
longdistancehiking,Hiking
football,Soccer
reallifefootball,Soccer
gaming4gamers,eSports
bvbfifa,Soccer
williamsport,Sport
topgolf,Golf
dumpsterdiving,Aquatics
eurosmug,Soccer
fantasybaseball,Baseball
nba_draft,Basketball
sportsarefun,Sport
mobilegamingnews,eSports
runningman,Running
ihatesportsball,Sport
redditphcyclingclub,Cycling
galacticracing,Motorsport
skateboarding,Skateboarding
azhiking,Hiking
swimming,Aquatics
badminton,Badminton
trailrunning,Running
quefaitlapolice,Soccer
feverclangaming,eSports
akgaming,eSports
yorkcycling,Cycling
hockeyplayers,Hockey
zagaming,eSports
arenafootball,Soccer
cricketshitpost,Cricket
snowboarding,Winter Sports
norcalhiking,Hiking
scottishfootball,Soccer
crowdsourcing,Motorsport
kiteboarding,Skateboarding
climbingcirclejerk,Climbing
nzfootball,Soccer
4xgaming,eSports
jleague,Soccer
collegebaseball,Baseball
sportingkc,Sport
usarugby,Rugby
horseracing,Motorsport
randomactsofgaming,eSports
subredditreports,eSports
basketballgm,Basketball
baseballmogul,Baseball
fantasysports4charity,Sport
nascar,Motorsport
footballdownload,Soccer
ligue1,Soccer
judo,Combat Sports
soccerbanners,Soccer
soccerstreams,Soccer
hockeyquestionmark,Hockey
tablets,Tennis
weightlifting,Fitness
athleticgirls,Sport
runreports,eSports
angelsbaseball,Baseball
csgoscammers,eSports
golfgti,Golf
rugbystreams,Rugby
wnba,Basketball
fifacareers,Soccer
hockeyawards,Hockey
waterpolo,Water Polo
boxingstreams,Combat Sports
soccer_jp,Soccer
rhockeymockdraft,Hockey
rule34lol,eSports
primeiraliga,Soccer
nba2k,Basketball
competitiveoverwatch,eSports
sportingcp,Sport
androidgaming,eSports
rocketleagueexchange,eSports
gamesale,Sport
sportsbook,Sport
fifa,Soccer
couchsurfing,Aquatics
ausgaming,eSports
webgames,Sport
motorsports,Sport
pcgamingtechsupport,eSports
gameshow,Sport
kickboxing,Combat Sports
skydiving,Aquatics
dota2pubstomps,eSports
compdota2,eSports
dota2pubs,eSports
sailing,Aquatics
thatsgoodsports,Sport
independentbaseball,Baseball
basketballabroad,Basketball
footballmanagergames,Soccer
soccerbooks,Soccer
premierleague,Soccer
soccerbetting,Soccer
footballgamefilm,Soccer
soccerdiscussions,Soccer
hdsoccer,Soccer
nzsports,Sport
buhockey,Hockey
fantasyhockey,Hockey
olddominionfootball,Soccer
mobicycling,Cycling
ottawarunning,Running
rhythmgames,Sport
footballhighlight,Soccer
collegehockey,Hockey
euros,Soccer
futbol,Soccer
incremental_games,Sport
sportnl,Sport
marathons,Running
outdoorgames,Sport
trackandfield,Sport
tabletennis,Tennis
azwildcatfootball,Soccer
skiracing,Motorsport
leinsterrugby,Rugby
soccernoobs,Soccer
soccerdownloadclub,Soccer
dancesport,Sport
hillclimbracing,Motorsport
rally,Motorsport
