subreddit,predicted_country,status
merdasbrasildiz,Brazil,unsure
comanchemj,Oman,unsure
chadtronic,Chad,unsure
vagabond,Gabon,rejected
usnoisrael,Israel,unsure
jezopolis,Poland,unsure
fingdom,United Kingdom,unsure
pureland,Ireland,unsure
sealand,New Zealand,unsure
malifaux,Mali,unsure
somaliland,Mali,wrong
fenland,Greenland,unsure
itaglia,Italy,unsure
anamanaguchi,Panama,unsure
finishticket,Finland,unsure
polandballjapanese,Poland,unsure
indianents,India,unsure
kendra_sunderland,Netherlands,unsure
cumfromanal,Oman,unsure
wintarwonderland,Netherlands,unsure
diablo3necromancer,Oman,unsure
newzanada,Canada,unsure
chadev,Chad,unsure
anomaliesunleashed,Mali,unsure
dutchhouse,Netherlands,unsure
americanu,American Samoa,unsure
monacoismine,Monaco,unsure
quadmetacanada,Canada,unsure
pentametacanada,Canada,unsure
snooland,Poland,unsure
believenbc,Belize,unsure
leatherman,Germany,unsure
tomandnatescirklejerk,Oman,unsure
liberalarts,Liberia,unsure
romanceconlangs,Oman,unsure
cringapore,Singapore,unsure
guanajuato,Guyana,unsure
schland,Germany,unsure
podemosgranada,Canada,unsure
wapanese,Japan,unsure
microtia,Croatia,unsure
gambar2,Gambia,unsure
haljordangotsweg,Jordan,unsure
wpaustriahungary,Hungary,unsure
swedetzerland,Sweden,unsure
paxromana,Oman,unsure
thevirtueofignorance,France,unsure
kindrance,France,unsure
annapolis,Poland,unsure
chad,Chad,unsure
chicongo,Congo,unsure
cameroncanada,Canada,unsure
hetalia,Italy,unsure
frenchielawstudents,France,unsure
malepolish,Poland,unsure
chileanbackdoorsquad,Chile,unsure
letterman,Germany,unsure
sweenos,Sweden,unsure
burritogonecuddly,Togo,unsure
marianastrench,France,unsure
graceland,Iceland,unsure
indianaamiibo,India,unsure
unaustralianantarctic,Australia,unsure
ohchad,Chad,unsure
islandd,Bouvet Island,unsure
cajunfrench,France,unsure
tomanddan,Oman,unsure
miran,Iran,unsure
cosmoandwanda,Rwanda,unsure
paralelnipolis,Poland,unsure
schadenfreude,Chad,unsure
edmontongaming,Tonga,unsure
mymarioman2,Oman,unsure
islands,Åland Islands,unsure
lalakingmalibog,Mali,unsure
georginaholguin,Georgia,unsure
amiibogeorgia,Georgia,unsure
privacyrus,Cyprus,unsure
scienzaitalia,Italy,unsure
liberace,Liberia,unsure
marshall,Marshall Islands,unsure
pianoimproman,Oman,unsure
niueoflivin,Niue,unsure
torrance,France,unsure
serials,Serbia,unsure
californiaindian,India,unsure
jordamn,Jordan,unsure
viceland,Iceland,unsure
panamapapersindia,India,unsure
ottomanturkish,Turkey,unsure
kawaiipiranha,Iran,unsure
suiseki,Switzerland,unsure
comedynecromancy,Oman,unsure
succubae,Cuba,unsure
butanevaporizers,Bhutan,unsure
emoticongore,Congo,unsure
mirandakerr,Iran,unsure
malaise,Malawi,unsure
mukhabarat,India,unsure
tunatogo,Togo,unsure
believable,Belize,unsure
cameronsshit,Cameroon,unsure
finnishgendercritical,Finland,unsure
cubase,Cuba,unsure
americanindian,India,unsure
momoland,Poland,unsure
chadpc,Chad,unsure
paxbhutannica,Bhutan,unsure
the_roman,Oman,unsure
laderagranola,Angola,unsure
hungrygames,Hungary,unsure
redonia,North Macedonia,unsure
vagabondmanga,Gabon,unsure
hungrylips,Hungary,unsure
dnmarket_moves,Denmark,unsure
roughanal,Ghana,unsure
comandarr,Oman,unsure
yeoman,Oman,unsure
chromanewsnetwork,Oman,unsure
chilents,Chile,unsure
believetv,Belize,unsure
periopolis,Poland,unsure
aboutchinesejerseys,China,unsure
eryndorunion,Réunion,unsure
grecoromanpaganism,Oman,unsure
renderman,Germany,unsure
zanzibarunion,Réunion,unsure
chinatownwars,China,unsure
georgiadualsporting,Georgia,unsure
westjordanut,Jordan,unsure
hungrybutts,Hungary,unsure
brailleskateboarding,Brazil,unsure
fl_vapers,United States,unsure
dogemarket_mi,United States,unsure
rp_backgrounds,Germany,unsure
self_de,Germany,unsure
rct,United Kingdom,unsure
dogecoin_pr,United States,unsure
ca_chat,Canada,unsure
groningen,Netherlands,unsure
fl_studio,United States,unsure
sl,Germany,unsure
de,Germany,unsure
newport,United Kingdom,unsure
nl_kripparrian,Netherlands,unsure
toledo,Spain,unsure
shaving_group_buy_uk,United Kingdom,unsure
tas_uni,Australia,unsure
dc_mua,United States,unsure
wa_guns,Australia,unsure
conservatives_r_us,United States,unsure
de_iama,Germany,unsure
pei,Canada,unsure
subaru_ct,United States,unsure
sc_orgs,United States,unsure
ghost_in_the_shell,United States,unsure
so_once_upon_a_time,Switzerland,unsure
dnd_victoria,Australia,unsure
sc_middlemen,United States,unsure
neutralpolitics_de,Germany,unsure
k_on,Canada,unsure
soylent_de,Germany,unsure
meta_me_irl,United States,unsure
me_irl,United States,unsure
call_la_call,United States,unsure
go_on_adventurer,Canada,unsure
depression_de,Germany,unsure
bretagne,France,unsure
dc_cinematic,United States,unsure
empleos_ar,Switzerland,unsure
cuddle_with_me,United States,unsure
hpmor_tas,Australia,unsure
manitoba,Canada,unsure
yukon,Canada,unsure
de_tektive,Germany,unsure
matik_co,United States,unsure
somerset,United Kingdom,unsure
me_irl_anarchy,United States,unsure
gloucestershire,United Kingdom,unsure
wiltshire,United Kingdom,unsure
dorset,United Kingdom,unsure
shropshire,United Kingdom,unsure
cumbria,United Kingdom,unsure
dundee,United Kingdom,unsure
aberdeen,United Kingdom,unsure
orkney,United Kingdom,unsure
shetland,United Kingdom,unsure
euskadi,Spain,unsure
ti_league,Switzerland,unsure
de_simulator,Germany,unsure
nsw,Australia,unsure
ca_twitter,Canada,unsure
nantes,France,unsure
catalunya,Spain,unsure
bedfordshire,United Kingdom,unsure
suffolk,United Kingdom,unsure
swansea,United Kingdom,unsure
cheshire,United Kingdom,unsure
lancashire,United Kingdom,unsure
reading_berkshire,United Kingdom,unsure
nw_pkmn_dnd,Switzerland,unsure
ohio_robins,United States,unsure
chat_in_frme,United States,unsure
counting_in_the_wild,United States,unsure
andalucia,Spain,unsure
de_writingprompts,Germany,unsure
watch_me_ban_you,United States,unsure
nunavut,Canada,unsure
act,Australia,unsure
al_eberia,United States,unsure
al_discussion,United States,unsure
sysadmin_fr,France,unsure
pokemongo_dc,United States,unsure
de_sport,Germany,unsure
belle_in_the_woods,United States,unsure
pokemongo_wa,Australia,unsure
middlesbrough,United Kingdom,unsure
mass_libertarians,United States,unsure
pp_tn,United States,unsure
yt_killer,Canada,unsure
so_sweet_like_anise,Switzerland,unsure
kra_gl_e,Switzerland,unsure
co_test,United States,unsure
ny_tax_professionals,United States,unsure
oh_reaally,United States,unsure
redditvision_sc,United States,unsure
darknetmarkets_uk,United Kingdom,unsure
de_thierry,Germany,unsure
the_donald_ca,Canada,unsure
realtimestrategy_zh,Switzerland,unsure
de_edv,Germany,unsure
by_booksandteaandcats,Germany,unsure
hey_look_at_me,United States,unsure
dope_as_fuck_cooking,United States,unsure
warwickshire,United Kingdom,unsure
sketches_on_cats,Canada,unsure
ca_vapers,Canada,unsure
ok_,United States,unsure
cordoba,Spain,unsure
bc_lions,Canada,unsure
conspiracy_uk,United Kingdom,unsure
nj_vaping,United States,unsure
in_n_outburger,United States,unsure
bavaria,Germany,unsure
seattle_wa,Australia,unsure
powered_by_whale_oil,Germany,unsure
sips_co,United States,unsure
glasgow_celtic,United Kingdom,unsure
nj_swingers,United States,unsure
hell_on_wheels,Canada,unsure
pm_me_your_gifs_girl,United States,unsure
adhs_de,Germany,unsure
northumberland,United Kingdom,unsure
apex_nc,United States,unsure
bridgend,United Kingdom,unsure
technik_und_it_de,Germany,unsure
tas,Australia,unsure
hessen,Germany,unsure
ti_calculators,Switzerland,unsure
hamilton_ohio,United States,unsure
me_irl_video,United States,unsure
vegan_de,Germany,unsure
de_simulator_meta,Germany,unsure
western_mass,United States,unsure
so_edgy,Switzerland,unsure
bellingham_wa,Australia,unsure
nrw,Germany,unsure
startup_de,Germany,unsure
metal_me_irl,United States,unsure
al_irl,United States,unsure
xmen_rp,Germany,unsure
me_and_that_other_me,United States,unsure
crofton_md,United States,unsure
me_irl_neue,United States,unsure
thelab_ms,United States,unsure
thats_so_kerbal,Switzerland,unsure
zika_fr,France,unsure
sa_students,Australia,unsure
snaps_in_two,United States,unsure
in_memory_of_advocate,United States,unsure
uk_smetips,United Kingdom,unsure
schaffhausen,Switzerland,unsure
free_de,Germany,unsure
me_irl_irl,United States,unsure
us_strasserism,United States,unsure
cucked_by_scopies,Germany,unsure
news_us,United States,unsure
id_team_six,United States,unsure
a_mash_of_all_of_us,United States,unsure
pm_me_ur_mathproblem,United States,unsure
dc_collectables,United States,unsure
the_donald_vs_reason,Switzerland,unsure
guadalajara,Spain,unsure
idf,France,unsure
new_weird_america,United States,unsure
me_kirl,United States,unsure
limburg,Netherlands,unsure
bombshell_on_target,Canada,unsure
thueringen,Germany,unsure
sloth_on_meth,Canada,unsure
ticino,Switzerland,unsure
tony_will_stalk_me,United States,unsure
so_il_stopsoros,United States,unsure
usvi,United States,unsure
me_inrocketleague,United States,unsure
dc_comics,United States,unsure
wi_for_jillstein,United States,unsure
ky_for_jillstein,United States,unsure
take_back_america,United States,unsure
pa_for_jillstein,United States,unsure
ga_for_jillstein,United States,unsure
de_vylander,Germany,unsure
ok_for_jillstein,United States,unsure
sd_for_jillstein,United States,unsure
nh_libertarians,United States,unsure
mi_for_jillstein,United States,unsure
de_republiek,Germany,unsure
strategygames_zh,Switzerland,unsure
nv_for_jillstein,United States,unsure
wa_for_jillstein,Australia,unsure
dc_for_jillstein,United States,unsure
drenthe,Netherlands,unsure
me_atm,United States,unsure
roast_me,United States,unsure
make_me_wet,United States,unsure
nj_for_jillstein,United States,unsure
md_for_jillstein,United States,unsure
me_ira,United States,unsure
mn_for_jillstein,United States,unsure
utrecht,Netherlands,unsure
ai_shinozaki,Switzerland,unsure
ca_for_jillstein,Canada,unsure
the_iowa,United States,unsure
bc_eagles,Canada,unsure
squaredcircle_fr,France,unsure
the_donald_texas,United States,unsure
irving_ms,United States,unsure
jeeters_edinburgh,United Kingdom,unsure
ni_no_kuni,United Kingdom,unsure
politics_zh,Switzerland,unsure
la_redditejo,United States,unsure
nc_rebl,United States,unsure
hi_res,United States,unsure
wakfu_fr,France,unsure
eragon_rp,Germany,unsure
cherub_rp,Germany,unsure
rddtx_na,France,unsure
mmxx_th,Germany,unsure
bb_marathon,Germany,unsure
tarragona,Spain,unsure
pokemongo_nm,United States,unsure
cert_ut_oremprovo,United States,unsure
dnd_play_by_post,Germany,unsure
kings_of_leon,Spain,unsure
pe_exam,Canada,unsure
not_me_atm,United States,unsure
ar_blood_drive,Switzerland,unsure
ar_innovations,Switzerland,unsure
til_on_conservapedia,Canada,unsure
ca_leagueoflegends,Canada,unsure
de_it,Germany,unsure
de_iama_wissenschaft,Germany,unsure
fite_me_irl,United States,unsure
de_news,Germany,unsure
loveland_oh,United States,unsure
crowdfunding_us,United States,unsure
like_usa,United States,unsure
ct_for_jillstein,United States,unsure
games_zh,Switzerland,unsure
danville_va,United States,unsure
